Workbook
Name AGSMS: 'Product List'!$C$2180
Name AMWTH: 'Product List'!$D$2180
Name APTOS: 'Product List'!$E$2180:$E$2182
Name ARL: 'Product List'!$F$2180:$F$2247
Name AZTCW: 'Product List'!$G$2180
Name BLINE: 'Product List'!$H$2180:$H$2185
Name BPT: 'Product List'!$I$2180:$I$2222
Name BUR: 'Product List'!$J$2180:$J$2188
Name BUSS: 'Product List'!$K$2180
Name CASOL: 'Product List'!$L$2180:$L$2185
Name CHEML: 'Product List'!$M$2180:$M$2187
Name Code: 'Product List'!$A$2180:$Y$2337
Name COND: 'Product List'!$N$2180:$N$2184
Name CONDR: 'Product List'!$O$2180:$O$2183
Name CORRUBRACKET: 'Product List'!$BX$2324:$BX$2337
Name CPAWS: 'Product List'!$P$2180:$P$2200
Name CTEED: 'Product List'!$Q$2180:$Q$2181
Name CULLY: 'Product List'!$R$2180
Name DIXTI: 'Product List'!$S$2180:$S$2181
Name DOT: 'Product List'!$T$2180:$T$2181
Name EATON: 'Product List'!$U$2180:$U$2259
Name ECOBE: 'Product List'!$V$2180
Name ECOSO: 'Product List'!$W$2180:$W$2183
Name EDF: 'Product List'!$X$2180:$X$2191
Name ENP: 'Product List'!$Y$2180:$Y$2234
Name EVRST: 'Product List'!$Z$2180:$Z$2201
Name EZSLR: 'Product List'!$AA$2180:$AA$2182
Name FAST: 'Product List'!$AB$2180:$AB$2185
Name FLEX: 'Product List'!$AC$2180:$AC$2189
Name FRANK: 'Product List'!$AD$2180:$AD$2183
Name FRZ: 'Product List'!#REF!
Name G10.C__415W_BLK_132C_32MM__32: 'Order Sheet'!$D$12
Name GALV: 'Product List'!$AE$2180:$AE$2181
Name GED: 'Product List'!$AF$2180:$AF$2187
Name GENRC: 'Product List'!$AG$2180:$AG$2204
Name GEOC: 'Product List'!$AH$2180:$AH$2183
Name GREAV: 'Product List'!$AI$2180:$AI$2182
Name HEYCO: 'Product List'!$AJ$2180:$AJ$2190
Name HYPRE: 'Product List'!#REF!
Name HYUND: 'Product List'!$AK$2180:$AK$2183
Name IDEAL: 'Product List'!$AL$2180:$AL$2193
Name ILSCO: 'Product List'!$AM$2180:$AM$2185
Name IMO: 'Product List'!$AN$2180:$AN$2181
Name IRIDG: 'Product List'!$AO$2180:$AO$2290
Name JASOL: 'Product List'!$AP$2180
Name JINKO: 'Product List'!$AQ$2180:$AQ$2183
Name KLEIN: 'Product List'!$AR$2180:$AR$2219
Name LF: 'Product List'!$AS$2180:$AS$2195
Name LFUSE: 'Product List'!$AS$2180:$AS$2200
Name LGCHE: 'Product List'!$AT$2180:$AT$2181
Name LGSOL: 'Product List'!$AU$2180:$AU$2183
Name LITHN: 'Product List'!$AV$2180:$AV$2183
Name LLH: 'Product List'!#REF!
Name LONGI: 'Product List'!$AW$2180:$AW$2181
Name LUMI: 'Product List'!$AX$2180:$AX$2181
Name MAXON: 'Product List'!$AY$2180
Name MERSN: 'Product List'!$AZ$2180:$AZ$2194
Name MIL: 'Product List'!$BA$2180:$BA$2189
Name MILW: 'Product List'!$BB$2180:$BB$2211
Name MISC.: 'Product List'!$BC$2180:$BC$2181

Sheet Sheet1
A1: LINE TYPE | B1: QUANTITY | C1: TYPE/DESIGNATION | D1: GROUP | E1: MFR | F1: PRODUCT | G1: DESCRIPTION | H1: UNIT/LOT | I1: SELL | J1: UOM | K1: COST | L1: UOM | M1: CUSTOMER PO NUMBER | N1: INTERNAL NOTES
A2: =IF(B2="","","S") -> S | B2: =IF(Worksheet!D2="","",Worksheet!D2) -> 15 | E2: =IF(Worksheet!B2="","",Worksheet!B2) -> QCELL | F2: =IF(Worksheet!C2="","",Worksheet!C2) -> Q.PEAK DUO BLK ML-G10+ 400
A3: =IF(B3="","","S") -> S | B3: =IF(Worksheet!D3="","",Worksheet!D3) -> 2 | E3: =IF(Worksheet!B3="","",Worksheet!B3) -> BPT | F3: =IF(Worksheet!C3="","",Worksheet!C3) -> 382DC
A4: =IF(B4="","","S") -> S | B4: =IF(Worksheet!D4="","",Worksheet!D4) -> 5 | E4: =IF(Worksheet!B4="","",Worksheet!B4) -> BPT | F4: =IF(Worksheet!C4="","",Worksheet!C4) -> SR075
A5: =IF(B5="","","S") -> S | B5: =IF(Worksheet!D5="","",Worksheet!D5) -> 1 | E5: =IF(Worksheet!B5="","",Worksheet!B5) -> CHEML | F5: =IF(Worksheet!C5="","",Worksheet!C5) -> F1270GR
A6: =IF(B6="","","S") -> S | B6: =IF(Worksheet!D6="","",Worksheet!D6) -> 5 | E6: =IF(Worksheet!B6="","",Worksheet!B6) -> SWIRE | F6: =IF(Worksheet!C6="","",Worksheet!C6) -> 282
A7: =IF(B7="","","S") -> S | B7: =IF(Worksheet!D7="","",Worksheet!D7) -> 4 | E7: =IF(Worksheet!B7="","",Worksheet!B7) -> SWIRE | F7: =IF(Worksheet!C7="","",Worksheet!C7) -> 452TZ
A8: =IF(B8="","","S") -> S | B8: =IF(Worksheet!D8="","",Worksheet!D8) -> 5 | E8: =IF(Worksheet!B8="","",Worksheet!B8) -> SWIRE | F8: =IF(Worksheet!C8="","",Worksheet!C8) -> 832TZ
A9: =IF(B9="","","S") -> S | B9: =IF(Worksheet!D9="","",Worksheet!D9) -> 2 | E9: =IF(Worksheet!B9="","",Worksheet!B9) -> EATON | F9: =IF(Worksheet!C9="","",Worksheet!C9) -> BR220
A10: =IF(B10="","","S") -> S | B10: =IF(Worksheet!D10="","",Worksheet!D10) -> 1 | E10: =IF(Worksheet!B10="","",Worksheet!B10) -> EATON | F10: =IF(Worksheet!C10="","",Worksheet!C10) -> DG222URB
A11: =IF(B11="","","S") -> S | B11: =IF(Worksheet!D11="","",Worksheet!D11) -> 1 | E11: =IF(Worksheet!B11="","",Worksheet!B11) -> EZSLR | F11: =IF(Worksheet!C11="","",Worksheet!C11) -> JB-1.2
A12: =IF(B12="","","S") -> S | B12: =IF(Worksheet!D12="","",Worksheet!D12) -> 100 | E12: =IF(Worksheet!B12="","",Worksheet!B12) -> FLEX | F12: =IF(Worksheet!C12="","",Worksheet!C12) -> RWA-3/4
A13: =IF(B13="","","S") -> S | B13: =IF(Worksheet!D13="","",Worksheet!D13) -> 1 | E13: =IF(Worksheet!B13="","",Worksheet!B13) -> NSI | F13: =IF(Worksheet!C13="","",Worksheet!C13) -> 11500
... A200: =IF(B200="","","S") | B200: =IF(Worksheet!D200="","",Worksheet!D200) | E200: =IF(Worksheet!B200="","",Worksheet!B200) | F200: =IF(Worksheet!C200="","",Worksheet!C200)

Sheet Order Sheet
B2: JOB NAME | C2: Davesky Aragones | E2: PO NUMBER
B3: DELIVERY ADDRESS | C3: 151 Borland St, Brooksville, FL, 34604 | E3: DELIVERY DATE
E4: INSTALLER
B5: PANEL ORIENTATION | D5: BOB/BOW OR SILVER FRAME | E5: FINANCE | F5: Palmetto
B6: Modules
B7: MFR | C7: CATALOG | D7: DESCRIPTION | E7: QTY | F7: NOTES
B8: TRINA | C8: TSM-420-NE09RC.05 | D8: 420W Trina
A9: =IF(D9="","",IFERROR(IF(E9=0,"",VLOOKUP(C9,'Product List'!B:E,4,FALSE)),"")) | B9: MISIO | C9: MSE425SX9Z | D9: =IFERROR(IF(VLOOKUP(C9,'Product List'!B:C,2,FALSE)=VLOOKUP(B9,'Product List'!$A$2179:$DE$2338,2,FALSE),IFERROR(VLOOKUP(C9,'Product List'!B:D,3,FALSE),""),""),"") -> 425W PERC 72C BLK/BLK | F9: CHANGE TO MSX10-435HN0B
B10: CASOL | C10: CS3N-395MS | D10: CANADIAN SOLAR 395
A11: =IF(D11="","",IFERROR(IF(E11=0,"",VLOOKUP(C11,'Product List'!B:E,4,FALSE)),"")) | B11: TRINA | C11: TSM-390-DE09C.07 | D11: =IFERROR(IF(VLOOKUP(C11,'Product List'!B:C,2,FALSE)=VLOOKUP(B11,'Product List'!$A$2179:$DE$2338,2,FALSE),IFERROR(VLOOKUP(C11,'Product List'!B:D,3,FALSE),""),""),"") -> VERTEX S, BOT 390W (30MM)
A12: =IF(D12="","",IFERROR(IF(E12=0,"",VLOOKUP(C12,'Product List'!B:E,4,FALSE)),"")) -> 2000000944 | B12: QCELL | C12: Q.PEAK DUO BLK ML-G10+ 400 | D12: =IFERROR(IF(VLOOKUP(C12,'Product List'!B:C,2,FALSE)=VLOOKUP(B12,'Product List'!$A$2179:$DE$2338,2,FALSE),IFERROR(VLOOKUP(C12,'Product List'!B:D,3,FALSE),""),""),"") -> G10+ 400W BLK 132C 32MM (32) | E12: 15 | F12: Q.TRON BLK M-G2.C1+ 430
A13: =IF(D13="","",IFERROR(IF(E13=0,"",VLOOKUP(C13,'Product List'!B:E,4,FALSE)),"")) | B13: SILFB | C13: SIL 370 HC | D13: =IFERROR(IF(VLOOKUP(C13,'Product List'!B:C,2,FALSE)=VLOOKUP(B13,'Product List'!$A$2179:$DE$2338,2,FALSE),IFERROR(VLOOKUP(C13,'Product List'!B:D,3,FALSE),""),""),"") -> PRIME 370 BLK 120C 35MM (26) 884
A14: =IF(D14="","",IFERROR(IF(E14=0,"",VLOOKUP(C14,'Product List'!B:E,4,FALSE)),"")) | B14: PANAS | C14: EVPV360K | D14: =IFERROR(IF(VLOOKUP(C14,'Product List'!B:C,2,FALSE)=VLOOKUP(B14,'Product List'!$A$2179:$DE$2338,2,FALSE),IFERROR(VLOOKUP(C14,'Product List'!B:D,3,FALSE),""),""),"") -> 360W BLK 120C 30MM (33) [858]
A15: =IF(D15="","",IFERROR(IF(E15=0,"",VLOOKUP(C15,'Product List'!B:E,4,FALSE)),"")) | B15: URECO | C15: FBM400MFG-BB | D15: =IFERROR(IF(VLOOKUP(C15,'Product List'!B:C,2,FALSE)=VLOOKUP(B15,'Product List'!$A$2179:$DE$2338,2,FALSE),IFERROR(VLOOKUP(C15,'Product List'!B:D,3,FALSE),""),""),"") -> 400W BLK 108C 35MM (31) [806]
A16: =IF(D16="","",IFERROR(IF(E16=0,"",VLOOKUP(C16,'Product List'!B:E,4,FALSE)),"")) | B16: RECSO | C16: REC400AA PURE | D16: =IFERROR(IF(VLOOKUP(C16,'Product List'!B:C,2,FALSE)=VLOOKUP(B16,'Product List'!$A$2179:$DE$2338,2,FALSE),IFERROR(VLOOKUP(C16,'Product List'!B:D,3,FALSE),""),""),"") -> ALPHA 400W BLK 66C HJT 30MM (33)
A17: =IF(D17="","",IFERROR(IF(E17=0,"",VLOOKUP(C17,'Product List'!B:E,4,FALSE)),"")) | B17: VSUN | C17: VSUN370-120BMH | D17: =IFERROR(IF(VLOOKUP(C17,'Product List'!B:C,2,FALSE)=VLOOKUP(B17,'Product List'!$A$2179:$DE$2338,2,FALSE),IFERROR(VLOOKUP(C17,'Product List'!B:D,3,FALSE),""),""),"") -> 370W 120 HC BLK | F17: ****Shop Stock*****
A18: =IF(D18="","",IFERROR(IF(E18=0,"",VLOOKUP(C18,'Product List'!B:E,4,FALSE)),"")) | B18: VSUN | C18: VSUN450-144BMH-DG | D18: =IFERROR(IF(VLOOKUP(C18,'Product List'!B:C,2,FALSE)=VLOOKUP(B18,'Product List'!$A$2179:$DE$2338,2,FALSE),IFERROR(VLOOKUP(C18,'Product List'!B:D,3,FALSE),""),""),"") -> 450W BIFACIAL
A19: =IF(D19="","",IFERROR(IF(E19=0,"",VLOOKUP(C19,'Product List'!B:E,4,FALSE)),"")) | B19: Inverters and Batteries
A20: =IF(D20="","",IFERROR(IF(E20=0,"",VLOOKUP(C20,'Product List'!B:E,4,FALSE)),"")) | B20: MFR | C20: CATALOG | D20: DESCRIPTION | E20: QTY | F20: NOTES
A21: =IF(D21="","",IFERROR(IF(E21=0,"",VLOOKUP(C21,'Product List'!B:E,4,FALSE)),"")) | B21: QCELL | D21: Q.MI.349B-G1 | E21: 15 | F21: Q.MI.349B-G1 QCELL MICROINVERTER
A22: =IF(D22="","",IFERROR(IF(E22=0,"",VLOOKUP(C22,'Product List'!B:E,4,FALSE)),"")) | B22: QCELL | D22: SPCD-00001 | E22: 1 | F22: Q.Home Combiner 80 G1
A23: =IF(D23="","",IFERROR(IF(E23=0,"",VLOOKUP(C23,'Product List'!B:E,4,FALSE)),"")) | B23: QCELL | D23: SBED-00046 | E23: 1 | F23: LTE-MT-MODEM CAT4-TN5 CELL MODEM
A24: =IF(D24="","",IFERROR(IF(E24=0,"",VLOOKUP(C24,'Product List'!B:E,4,FALSE)),"")) | B24: QCELL | D24: CAS-HQ-LO-1000 | E24: 15 | F24: QCELL AC CABLE LANDSCAPE
A25: =IF(D25="","",IFERROR(IF(E25=0,"",VLOOKUP(C25,'Product List'!B:E,4,FALSE)),"")) | B25: QCELL | D25: CAB-HQ-KIT-200 | E25: 30 | F25: QCELL RAW CABLE
A26: =IF(D26="","",IFERROR(IF(E26=0,"",VLOOKUP(C26,'Product List'!B:E,4,FALSE)),"")) | B26: QCELL | D26: CON-HQ-KIT-20 | E26: 1 | F26: QCELL AC FIELD WIREABLE SET M/F
A27: =IF(D27="","",IFERROR(IF(E27=0,"",VLOOKUP(C27,'Product List'!B:E,4,FALSE)),"")) | B27: QCELL | D27: ECAP-HQ-KIT-20 | E27: 3 | F27: QCELL AC CABLE TERM CAP
A28: =IF(D28="","",IFERROR(IF(E28=0,"",VLOOKUP(C28,'Product List'!B:E,4,FALSE)),"")) | B28: QCELL | D28: QHOME PRODUCTION CT | F28: CT-HQ-SOLID-200A-2 m
A29: =IF(D29="","",IFERROR(IF(E29=0,"",VLOOKUP(C29,'Product List'!B:E,4,FALSE)),"")) | C29: ENV-IQ-AM1-240
A30: =IF(D30="","",IFERROR(IF(E30=0,"",VLOOKUP(C30,'Product List'!B:E,4,FALSE)),"")) | C30: SN20-60MBE-330V | D30: =IFERROR(IF(VLOOKUP(C30,'Product List'!B:C,2,FALSE)=VLOOKUP(B30,'Product List'!$A$2179:$DE$2338,2,FALSE),IFERROR(VLOOKUP(C30,'Product List'!B:D,3,FALSE),""),""),"")
A31: =IF(D31="","",IFERROR(IF(E31=0,"",VLOOKUP(C31,'Product List'!B:E,4,FALSE)),"")) | B31: SOLED | C31: S440 | D31: =IFERROR(IF(VLOOKUP(C31,'Product List'!B:C,2,FALSE)=VLOOKUP(B31,'Product List'!$A$2179:$DE$2338,2,FALSE),IFERROR(VLOOKUP(C31,'Product List'!B:D,3,FALSE),""),""),"") -> 440W 60VOC 14.5ISC | F31: Swap For U650
A32: =IF(D32="","",IFERROR(IF(E32=0,"",VLOOKUP(C32,'Product List'!B:E,4,FALSE)),"")) | B32: SOLED | C32: CELL-B-R05-US-S-S2 | D32: =IFERROR(IF(VLOOKUP(C32,'Product List'!B:C,2,FALSE)=VLOOKUP(B32,'Product List'!$A$2179:$DE$2338,2,FALSE),IFERROR(VLOOKUP(C32,'Product List'!B:D,3,FALSE),""),""),"") -> CELLULAR MODEM, 5 YR PLAN (14)
A33: =IF(D33="","",IFERROR(IF(E33=0,"",VLOOKUP(C33,'Product List'!B:E,4,FALSE)),"")) | B33: MULTI | C33: 32.0016P0001-UR | D33: =IFERROR(IF(VLOOKUP(C33,'Product List'!B:C,2,FALSE)=VLOOKUP(B33,'Product List'!$A$2179:$DE$2338,2,FALSE),IFERROR(VLOOKUP(C33,'Product List'!B:D,3,FALSE),""),""),"") -> FEMALE MC4, 10AWG (CONN W/ PIN)
A34: =IF(D34="","",IFERROR(IF(E34=0,"",VLOOKUP(C34,'Product List'!B:E,4,FALSE)),"")) | B34: MULTI | C34: 32.0017P0001-UR | D34: =IFERROR(IF(VLOOKUP(C34,'Product List'!B:C,2,FALSE)=VLOOKUP(B34,'Product List'!$A$2179:$DE$2338,2,FALSE),IFERROR(VLOOKUP(C34,'Product List'!B:D,3,FALSE),""),""),"") -> MALE MC4, 10AWG (CONN W/PIN)
A35: =IF(D35="","",IFERROR(IF(E35=0,"",VLOOKUP(C35,'Product List'!B:E,4,FALSE)),"")) | B35: SOLED | C35: SE11400H-US000BEU4 | D35: =IFERROR(IF(VLOOKUP(C35,'Product List'!B:C,2,FALSE)=VLOOKUP(B35,'Product List'!$A$2179:$DE$2338,2,FALSE),IFERROR(VLOOKUP(C35,'Product List'!B:D,3,FALSE),""),""),"") -> SET-APP 11.4 KW HD WAVE | F35: Swap for DCA USE11400H-USSKBEZ8
A36: =IF(D36="","",IFERROR(IF(E36=0,"",VLOOKUP(C36,'Product List'!B:E,4,FALSE)),"")) | B36: SOLED | C36: SE10000H-US000BEU4 | D36: =IFERROR(IF(VLOOKUP(C36,'Product List'!B:C,2,FALSE)=VLOOKUP(B36,'Product List'!$A$2179:$DE$2338,2,FALSE),IFERROR(VLOOKUP(C36,'Product List'!B:D,3,FALSE),""),""),"") -> SNGL PH INVTR W/HD-WAVE TECH,10.0
A37: =IF(D37="","",IFERROR(IF(E37=0,"",VLOOKUP(C37,'Product List'!B:E,4,FALSE)),"")) | B37: SOLED | C37: SE7600H-US000BEU4 | D37: =IFERROR(IF(VLOOKUP(C37,'Product List'!B:C,2,FALSE)=VLOOKUP(B37,'Product List'!$A$2179:$DE$2338,2,FALSE),IFERROR(VLOOKUP(C37,'Product List'!B:D,3,FALSE),""),""),"") -> 1 PH INVTR W/HD-WAVE TECHNLGY,7.6
A38: =IF(D38="","",IFERROR(IF(E38=0,"",VLOOKUP(C38,'Product List'!B:E,4,FALSE)),"")) | B38: SOLED | C38: SE6000H-US000BEU4 | D38: =IFERROR(IF(VLOOKUP(C38,'Product List'!B:C,2,FALSE)=VLOOKUP(B38,'Product List'!$A$2179:$DE$2338,2,FALSE),IFERROR(VLOOKUP(C38,'Product List'!B:D,3,FALSE),""),""),"") -> SNGL PHASE INVTR HD WAVE, 6.0K
A39: =IF(D39="","",IFERROR(IF(E39=0,"",VLOOKUP(C39,'Product List'!B:E,4,FALSE)),"")) | B39: SOLED | C39: SE5000H-US000BEU4 | D39: =IFERROR(IF(VLOOKUP(C39,'Product List'!B:C,2,FALSE)=VLOOKUP(B39,'Product List'!$A$2179:$DE$2338,2,FALSE),IFERROR(VLOOKUP(C39,'Product List'!B:D,3,FALSE),""),""),"") -> SNGL PH INVTR W/HD-WAVE TECH,1
A40: =IF(D40="","",IFERROR(IF(E40=0,"",VLOOKUP(C40,'Product List'!B:E,4,FALSE)),"")) | B40: SOLED | C40: SE3800H-US000BNU4 | D40: =IFERROR(IF(VLOOKUP(C40,'Product List'!B:C,2,FALSE)=VLOOKUP(B40,'Product List'!$A$2179:$DE$2338,2,FALSE),IFERROR(VLOOKUP(C40,'Product List'!B:D,3,FALSE),""),""),"") -> SET-APP 3.8KW HD WAVE
A41: =IF(D41="","",IFERROR(IF(E41=0,"",VLOOKUP(C41,'Product List'!B:E,4,FALSE)),"")) | B41: Racking
A42: =IF(D42="","",IFERROR(IF(E42=0,"",VLOOKUP(C42,'Product List'!B:E,4,FALSE)),"")) | B42: MFR | C42: CATALOG | D42: DESCRIPTION | E42: QTY | F42: NOTES
A43: =IF(D43="","",IFERROR(IF(E43=0,"",VLOOKUP(C43,'Product List'!B:E,4,FALSE)),"")) | B43: IRIDG | C43: XR-10-168M | D43: =IFERROR(IF(VLOOKUP(C43,'Product List'!B:C,2,FALSE)=VLOOKUP(B43,'Product List'!$A$2179:$DE$2338,2,FALSE),IFERROR(VLOOKUP(C43,'Product List'!B:D,3,FALSE),""),""),"") -> MILL FINISH 168" (14FT) XR-10
A44: =IF(D44="","",IFERROR(IF(E44=0,"",VLOOKUP(C44,'Product List'!B:E,4,FALSE)),"")) | B44: IRIDG | C44: XR10-BOSS-01-M1 | D44: =IFERROR(IF(VLOOKUP(C44,'Product List'!B:C,2,FALSE)=VLOOKUP(B44,'Product List'!$A$2179:$DE$2338,2,FALSE),IFERROR(VLOOKUP(C44,'Product List'!B:D,3,FALSE),""),""),"") -> BONDED SPLICE, XR10 (20)
A45: =IF(D45="","",IFERROR(IF(E45=0,"",VLOOKUP(C45,'Product List'!B:E,4,FALSE)),"")) | B45: IRIDG | C45: UFO-CL-01-A1 | D45: =IFERROR(IF(VLOOKUP(C45,'Product List'!B:C,2,FALSE)=VLOOKUP(B45,'Product List'!$A$2179:$DE$2338,2,FALSE),IFERROR(VLOOKUP(C45,'Product List'!B:D,3,FALSE),""),""),"") -> UNIVERSAL MID CLAMP, MILL (200)
A46: =IF(D46="","",IFERROR(IF(E46=0,"",VLOOKUP(C46,'Product List'!B:E,4,FALSE)),"")) | B46: IRIDG | C46: UFO-STP-30MM-M1 | D46: =IFERROR(IF(VLOOKUP(C46,'Product List'!B:C,2,FALSE)=VLOOKUP(B46,'Product List'!$A$2179:$DE$2338,2,FALSE),IFERROR(VLOOKUP(C46,'Product List'!B:D,3,FALSE),""),""),"") -> STOPPER SLEEVE, 30MM, MILL | F46: Ends for landscape Trina modules
A47: =IF(D47="","",IFERROR(IF(E47=0,"",VLOOKUP(C47,'Product List'!B:E,4,FALSE)),"")) | B47: IRIDG | C47: CAMO-01-M1 | D47: =IFERROR(IF(VLOOKUP(C47,'Product List'!B:C,2,FALSE)=VLOOKUP(B47,'Product List'!$A$2179:$DE$2338,2,FALSE),IFERROR(VLOOKUP(C47,'Product List'!B:D,3,FALSE),""),""),"") -> HIDDEN UNVRSL END CLAMP (100)
A48: =IF(D48="","",IFERROR(IF(#REF!=0,"",VLOOKUP(C48,'Product List'!B:E,4,FALSE)),"")) | B48: IRIDG | C48: XR-LUG-03-A1 | D48: =IFERROR(IF(VLOOKUP(C48,'Product List'!B:C,2,FALSE)=VLOOKUP(B48,'Product List'!$A$2179:$DE$2338,2,FALSE),IFERROR(VLOOKUP(C48,'Product List'!B:D,3,FALSE),""),""),"") -> LO-PRO GRND LUG (100)
B49: IRIDG | C49: QM-HUG-01-M1 | D49: =IFERROR(IF(VLOOKUP(C49,'Product List'!B:C,2,FALSE)=VLOOKUP(B49,'Product List'!$A$2179:$DE$2338,2,FALSE),IFERROR(VLOOKUP(C49,'Product List'!B:D,3,FALSE),""),""),"") -> HALO ULTRA GRIP, MILL | F49: Foot
A50: =IF(D50="","",IFERROR(IF(E48=0,"",VLOOKUP(C50,'Product List'!B:E,4,FALSE)),"")) | B50: IRIDG | C50: BHW-MI-01-A1 | D50: =IFERROR(IF(VLOOKUP(C50,'Product List'!B:C,2,FALSE)=VLOOKUP(B50,'Product List'!$A$2179:$DE$2338,2,FALSE),IFERROR(VLOOKUP(C50,'Product List'!B:D,3,FALSE),""),""),"") -> MICRO-INVERTER BOLT (300)
A51: =IF(D51="","",IFERROR(IF(E51=0,"",VLOOKUP(C51,'Product List'!B:E,4,FALSE)),"")) | B51: IRIDG | C51: BHW-TB-02-A1 | D51: =IFERROR(IF(VLOOKUP(C51,'Product List'!B:C,2,FALSE)=VLOOKUP(B51,'Product List'!$A$2179:$DE$2338,2,FALSE),IFERROR(VLOOKUP(C51,'Product List'!B:D,3,FALSE),""),""),"") -> T-BOLT (200) | F51: T bolts for Rail (same as feet)
B52: IRIDG | C52: HW-RD1430-01-M1 | D52: screws for feet | F52: (# of feet x2+40)
B53: UNIRC | C53: 315168M | D53: 168" SM RAIL LIGHT DOM, MILL [144] | F53: 315168M-US
B54: UNIRC | C54: 303019M | D54: BND SPLICE BAR PRO DOM, MILL (20) | F54: 303019M-US
B55: UNIRC | C55: 302045M | D55: MILL MID CLAMP DOM, 30MM (20) | F55: 302327D-US
B56: UNIRC | C56: 302050M | D56: MILL END CLAMP DOM, 30MM (20) | F56: 302021D-US
B57: UNIRC | C57: 008002S | D57: GRND WEEBLUG #1 (20/BX)
B58: UNIRC | C58: 009020S | D58: 3/4" LONG, 3/8" BND TBOLT, (20)
B59: UNIRC | C59: 008013S | D59: MICRO-INVERTER BOLT (20/BX)
B60: EVRST | C60: 4000019 | D60: RAIL, CR 44-X 166" MILL [100]
B61: EVRST | C61: 4000051 | D61: SPLICE, CR 44-X, MILL (10)
B62: EVRST | C62: 4000602-H | D62: MID, BLK, 30-47MM, 13MM HEX (20)
B63: EVRST | C63: 4000176 | D63: END CAP 44-X , K2
B64: EVRST | C64: 4000050-H | D64: YETI CLAMP, MILL, 13MM HEX (50)
B65: EVRST | C65: 4000006-H | D65: GROUND LUG, 13MM HEX (50)
B66: EVRST | C66: 4000048 | D66: TBOLT KIT, 13MM X 25MM (100)
B67: EVRST | C67: 4000629-H | D67: MICRO/OPT KIT, 13MM HEX (100)
B68: EVRST | C68: 4000162 | D68: SPLICE FOOT XL (20)
B69: EVRST | C69: 4000115 | D69: SPLICE FOOT XL SCREW M5X60
A70: =IF(D70="","",IFERROR(IF(E70=0,"",VLOOKUP(C70,'Product List'!B:E,4,FALSE)),"")) | B70: EVRST | C70: 4000162 | D70: =IFERROR(IF(VLOOKUP(C70,'Product List'!B:C,2,FALSE)=VLOOKUP(B70,'Product List'!$A$2179:$DE$2338,2,FALSE),IFERROR(VLOOKUP(C70,'Product List'!B:D,3,FALSE),""),""),"") -> SPLICE FOOT XL (20)
A71: =IF(D71="","",IFERROR(IF(E71=0,"",VLOOKUP(C71,'Product List'!B:E,4,FALSE)),"")) | B71: EVRST | C71: 4000115 | D71: =IFERROR(IF(VLOOKUP(C71,'Product List'!B:C,2,FALSE)=VLOOKUP(B71,'Product List'!$A$2179:$DE$2338,2,FALSE),IFERROR(VLOOKUP(C71,'Product List'!B:D,3,FALSE),""),""),"") -> SPLICE FOOT XL SCREW M5X60
A72: =IF(D72="","",IFERROR(IF(E72=0,"",VLOOKUP(C72,'Product List'!B:E,4,FALSE)),"")) | B72: S5_ | C72: SOLARFOOT | D72: =IFERROR(IF(VLOOKUP(C72,'Product List'!B:C,2,FALSE)=VLOOKUP(B72,'Product List'!$A$2179:$DE$2338,2,FALSE),IFERROR(VLOOKUP(C72,'Product List'!B:D,3,FALSE),""),""),"") -> SOLAR FOOT (50) [200]
A73: =IF(D73="","",IFERROR(IF(E73=0,"",VLOOKUP(C73,'Product List'!B:E,4,FALSE)),"")) | B73: RFTCH | C73: RT2-00-MINIBK2 | D73: =IFERROR(IF(VLOOKUP(C73,'Product List'!B:C,2,FALSE)=VLOOKUP(B73,'Product List'!$A$2179:$DE$2338,2,FALSE),IFERROR(VLOOKUP(C73,'Product List'!B:D,3,FALSE),""),""),"") -> GEN 2 MINI, 20/BX (80) [2560]
A74: =IF(D74="","",IFERROR(IF(E74=0,"",VLOOKUP(C74,'Product List'!B:E,4,FALSE)),"")) | B74: SUNMO | C74: K10461-105-BK | D74: =IFERROR(IF(VLOOKUP(C74,'Product List'!B:C,2,FALSE)=VLOOKUP(B74,'Product List'!$A$2179:$DE$2338,2,FALSE),IFERROR(VLOOKUP(C74,'Product List'!B:D,3,FALSE),""),""),"") -> 5IN WOOD DECK TOPTILE MOUNT BLACK
A75: =IF(D75="","",IFERROR(IF(E75=0,"",VLOOKUP(C75,'Product List'!B:E,4,FALSE)),"")) | B75: SUNMO | C75: K10461-107-BK | D75: =IFERROR(IF(VLOOKUP(C75,'Product List'!B:C,2,FALSE)=VLOOKUP(B75,'Product List'!$A$2179:$DE$2338,2,FALSE),IFERROR(VLOOKUP(C75,'Product List'!B:D,3,FALSE),""),""),"") -> 7" WOOD DECK TOPTILE MOUNT BLACK
A76: =IF(D76="","",IFERROR(IF(E76=0,"",VLOOKUP(C76,'Product List'!B:E,4,FALSE)),"")) | B76: IRIDG | C76: LFT-03-B1 | D76: =IFERROR(IF(VLOOKUP(C76,'Product List'!B:C,2,FALSE)=VLOOKUP(B76,'Product List'!$A$2179:$DE$2338,2,FALSE),IFERROR(VLOOKUP(C76,'Product List'!B:D,3,FALSE),""),""),"") -> BLK SLOTTED L-FOOT (100)
A77: =IF(D77="","",IFERROR(IF(E77=0,"",VLOOKUP(C77,'Product List'!B:E,4,FALSE)),"")) | B77: UNIRC | C77: 302045D | D77: =IFERROR(IF(VLOOKUP(C77,'Product List'!B:C,2,FALSE)=VLOOKUP(B77,'Product List'!$A$2179:$DE$2338,2,FALSE),IFERROR(VLOOKUP(C77,'Product List'!B:D,3,FALSE),""),""),"") -> UAF BLK MID CLAMP, 30-46MM (20)
A78: =IF(D78="","",IFERROR(IF(E78=0,"",VLOOKUP(C78,'Product List'!B:E,4,FALSE)),"")) | B78: UNIRC | C78: 302050D | D78: =IFERROR(IF(VLOOKUP(C78,'Product List'!B:C,2,FALSE)=VLOOKUP(B78,'Product List'!$A$2179:$DE$2338,2,FALSE),IFERROR(VLOOKUP(C78,'Product List'!B:D,3,FALSE),""),""),"") -> UAF BLK END CLAMP, 30-46MM (20)
A79: =IF(D79="","",IFERROR(IF(E79=0,"",VLOOKUP(C79,'Product List'!B:E,4,FALSE)),"")) | B79: UNIRC | C79: 315240D | D79: =IFERROR(IF(VLOOKUP(C79,'Product List'!B:C,2,FALSE)=VLOOKUP(B79,'Product List'!$A$2179:$DE$2338,2,FALSE),IFERROR(VLOOKUP(C79,'Product List'!B:D,3,FALSE),""),""),"")
A80: =IF(D80="","",IFERROR(IF(E80=0,"",VLOOKUP(C80,'Product List'!B:E,4,FALSE)),"")) | B80: STACK | C80: SS-8 | D80: =IFERROR(IF(VLOOKUP(C80,'Product List'!B:C,2,FALSE)=VLOOKUP(B80,'Product List'!$A$2179:$DE$2338,2,FALSE),IFERROR(VLOOKUP(C80,'Product List'!B:D,3,FALSE),""),""),"") -> SOLAR STACK - STANDARD PROFILE 8"
A81: =IF(D81="","",IFERROR(IF(E81=0,"",VLOOKUP(C81,'Product List'!B:E,4,FALSE)),"")) | B81: STACK | C81: SS-FOAM | D81: =IFERROR(IF(VLOOKUP(C81,'Product List'!B:C,2,FALSE)=VLOOKUP(B81,'Product List'!$A$2179:$DE$2338,2,FALSE),IFERROR(VLOOKUP(C81,'Product List'!B:D,3,FALSE),""),""),"") -> FOAM ADHESIVE AH-160 PROPACK 30
A82: =IF(D82="","",IFERROR(IF(E82=0,"",VLOOKUP(C82,'Product List'!B:E,4,FALSE)),"")) | C82: 315168M | D82: =IFERROR(IF(VLOOKUP(C82,'Product List'!B:C,2,FALSE)=VLOOKUP(B82,'Product List'!$A$2179:$DE$2338,2,FALSE),IFERROR(VLOOKUP(C82,'Product List'!B:D,3,FALSE),""),""),"")
A83: =IF(D83="","",IFERROR(IF(E83=0,"",VLOOKUP(C83,'Product List'!B:E,4,FALSE)),"")) | C83: 315168M | D83: =IFERROR(IF(VLOOKUP(C83,'Product List'!B:C,2,FALSE)=VLOOKUP(B83,'Product List'!$A$2179:$DE$2338,2,FALSE),IFERROR(VLOOKUP(C83,'Product List'!B:D,3,FALSE),""),""),"")
A84: =IF(D84="","",IFERROR(IF(E84=0,"",VLOOKUP(C84,'Product List'!B:E,4,FALSE)),"")) | C84: 315168M | D84: =IFERROR(IF(VLOOKUP(C84,'Product List'!B:C,2,FALSE)=VLOOKUP(B84,'Product List'!$A$2179:$DE$2338,2,FALSE),IFERROR(VLOOKUP(C84,'Product List'!B:D,3,FALSE),""),""),"")
A85: =IF(D85="","",IFERROR(IF(E85=0,"",VLOOKUP(C85,'Product List'!B:E,4,FALSE)),"")) | C85: 315168M | D85: =IFERROR(IF(VLOOKUP(C85,'Product List'!B:C,2,FALSE)=VLOOKUP(B85,'Product List'!$A$2179:$DE$2338,2,FALSE),IFERROR(VLOOKUP(C85,'Product List'!B:D,3,FALSE),""),""),"")
A86: =IF(D86="","",IFERROR(IF(E86=0,"",VLOOKUP(C86,'Product List'!B:E,4,FALSE)),"")) | B86: Conduit, Fittings and Panel Boards
A87: =IF(D87="","",IFERROR(IF(E87=0,"",VLOOKUP(C87,'Product List'!B:E,4,FALSE)),"")) | B87: MFR | C87: CATALOG | D87: DESCRIPTION | E87: QTY | F87: NOTES
A88: =IF(D88="","",IFERROR(IF(E88=0,"",VLOOKUP(C88,'Product List'!B:E,4,FALSE)),"")) -> 6000001039 | B88: SOLAD | C88: 1604 | D88: =IFERROR(IF(VLOOKUP(C88,'Product List'!B:C,2,FALSE)=VLOOKUP(B88,'Product List'!$A$2179:$DE$2338,2,FALSE),IFERROR(VLOOKUP(C88,'Product List'!B:D,3,FALSE),""),""),"") -> 4 STRING DC PASS THRU KIT | E88: 1
A89: =IF(D89="","",IFERROR(IF(E89=0,"",VLOOKUP(C89,'Product List'!B:E,4,FALSE)),"")) -> 6000000358 | B89: EZSLR | C89: JB-1.2 | D89: =IFERROR(IF(VLOOKUP(C89,'Product List'!B:C,2,FALSE)=VLOOKUP(B89,'Product List'!$A$2179:$DE$2338,2,FALSE),IFERROR(VLOOKUP(C89,'Product List'!B:D,3,FALSE),""),""),"") -> JUNCTION BOX 2 (320 PER PALLET) | E89: 1
A90: =IF(D90="","",IFERROR(IF(E90=0,"",VLOOKUP(C90,'Product List'!B:E,4,FALSE)),"")) | B90: SOLTC | C90: RU-2-LP | D90: =IFERROR(IF(VLOOKUP(C90,'Product List'!B:C,2,FALSE)=VLOOKUP(B90,'Product List'!$A$2179:$DE$2338,2,FALSE),IFERROR(VLOOKUP(C90,'Product List'!B:D,3,FALSE),""),""),"") -> LO-PRO RESI DC TRANS BOX | F90: (Substitute for EZSLR JB3)
A91: =IF(D91="","",IFERROR(IF(E91=0,"",VLOOKUP(C91,'Product List'!B:E,4,FALSE)),"")) -> 6000001041 | B91: SOLAD | C91: 0799-5B | D91: =IFERROR(IF(VLOOKUP(C91,'Product List'!B:C,2,FALSE)=VLOOKUP(B91,'Product List'!$A$2179:$DE$2338,2,FALSE),IFERROR(VLOOKUP(C91,'Product List'!B:D,3,FALSE),""),""),"") -> SOLADECK BLACK (NEW STYLE) | E91: 1
A92: =IF(D92="","",IFERROR(IF(E92=0,"",VLOOKUP(C92,'Product List'!B:E,4,FALSE)),"")) | C92: T50I0UVC5 | D92: =IFERROR(IF(VLOOKUP(C92,'Product List'!B:C,2,FALSE)=VLOOKUP(B92,'Product List'!$A$2179:$DE$2338,2,FALSE),IFERROR(VLOOKUP(C92,'Product List'!B:D,3,FALSE),""),""),"")
A93: =IF(D93="","",IFERROR(IF(#REF!=0,"",VLOOKUP(C93,'Product List'!B:E,4,FALSE)),"")) | B93: EATON | C93: DG223NRB | D93: =IFERROR(IF(VLOOKUP(C93,'Product List'!B:C,2,FALSE)=VLOOKUP(B93,'Product List'!$A$2179:$DE$2338,2,FALSE),IFERROR(VLOOKUP(C93,'Product List'!B:D,3,FALSE),""),""),"") -> DISC 100A 2P 240V 3R FUSE
A94: =IF(D94="","",IFERROR(IF(E93=0,"",VLOOKUP(C94,'Product List'!B:E,4,FALSE)),"")) | B94: EATON | C94: DG222NRB | D94: =IFERROR(IF(VLOOKUP(C94,'Product List'!B:C,2,FALSE)=VLOOKUP(B94,'Product List'!$A$2179:$DE$2338,2,FALSE),IFERROR(VLOOKUP(C94,'Product List'!B:D,3,FALSE),""),""),"") -> DISC 60A 2P 240V 3R FUSE
A95: =IF(D95="","",IFERROR(IF(E95=0,"",VLOOKUP(C95,'Product List'!B:E,4,FALSE)),"")) | B95: EATON | C95: DG221NRB | D95: =IFERROR(IF(VLOOKUP(C95,'Product List'!B:C,2,FALSE)=VLOOKUP(B95,'Product List'!$A$2179:$DE$2338,2,FALSE),IFERROR(VLOOKUP(C95,'Product List'!B:D,3,FALSE),""),""),"") -> DISC 30A 2P 240V 3R FUSE
A96: =IF(D96="","",IFERROR(IF(E96=0,"",VLOOKUP(C96,'Product List'!B:E,4,FALSE)),"")) | B96: EATON | C96: DG223URB | D96: =IFERROR(IF(VLOOKUP(C96,'Product List'!B:C,2,FALSE)=VLOOKUP(B96,'Product List'!$A$2179:$DE$2338,2,FALSE),IFERROR(VLOOKUP(C96,'Product List'!B:D,3,FALSE),""),""),"") -> NON-FUSE DISC 100A 2P 240V 3R
A97: =IF(D97="","",IFERROR(IF(E97=0,"",VLOOKUP(C97,'Product List'!B:E,4,FALSE)),"")) -> 6000000248 | B97: EATON | C97: DG222URB | D97: =IFERROR(IF(VLOOKUP(C97,'Product List'!B:C,2,FALSE)=VLOOKUP(B97,'Product List'!$A$2179:$DE$2338,2,FALSE),IFERROR(VLOOKUP(C97,'Product List'!B:D,3,FALSE),""),""),"") -> NON-FUSE DISC 60A 2P 204V 3R | E97: 1
A98: =IF(D98="","",IFERROR(IF(E98=0,"",VLOOKUP(C98,'Product List'!B:E,4,FALSE)),"")) | B98: EATON | C98: DG221URB | D98: =IFERROR(IF(VLOOKUP(C98,'Product List'!B:C,2,FALSE)=VLOOKUP(B98,'Product List'!$A$2179:$DE$2338,2,FALSE),IFERROR(VLOOKUP(C98,'Product List'!B:D,3,FALSE),""),""),"") -> NON-FUSE DISC 30A 2P 240V 3R
B99: EATON | C99: BRP12L125R | D99: 12 SPACE NEMA3R 125A MLO
A100: =IF(D100="","",IFERROR(IF(E100=0,"",VLOOKUP(C100,'Product List'!B:E,4,FALSE)),"")) | B100: ILSCO | C100: IPC4/02/0 | D100: IPC250-4/0
A101: =IF(D101="","",IFERROR(IF(E101=0,"",VLOOKUP(C101,'Product List'!B:E,4,FALSE)),"")) -> 6000000737 | B101: NSI | C101: 11500 | D101: =IFERROR(IF(VLOOKUP(C101,'Product List'!B:C,2,FALSE)=VLOOKUP(B101,'Product List'!$A$2179:$DE$2338,2,FALSE),IFERROR(VLOOKUP(C101,'Product List'!B:D,3,FALSE),""),""),"") -> 11.1IN BLK CABLE TIE (100/BG) | E101: 1
...

Sheet Product List
A1: MfrCode | B1: CatalogNo | C1: MfrCode | D1: Description | E1: Sequence | F1: Area | G1: Row | H1: Bay | I1: Shelf | J1: Default | L1: Notes | M1: Minimum QTY | N1: Divisible | O1: Price
F2: 1000000000 | G2: 10000000 | H2: 100000 | I2: 10000
A3: AGSMS | B3: OT-MOD3-1550 | C3: AGSMS | D3: GRND SCRW 61" X 4" (IRIDG 3" GM) | E3: =IF(F3="",J3,IF(G3="",F3*$F$2+K3,IF(H3="",F3*$F$2+G3*$G$2+K3,IF(I3="",F3*$F$2+G3*$G$2+H3*$H$2+K3,F3*$F$2+G3*$G$2+H3*$H$2+I3*$I$2+K3)))) -> 4000000000 | F3: 4 | J3: 20000000001
A4: AMWTH | B4: HPHE-102-50H-045DVN | C4: AMWTH | D4: PROLINE XE HYBRID 50GAL WATER HTR | E4: =IF(F4="",J4,IF(G4="",F4*$F$2+K4,IF(H4="",F4*$F$2+G4*$G$2+K4,IF(I4="",F4*$F$2+G4*$G$2+H4*$H$2+K4,F4*$F$2+G4*$G$2+H4*$H$2+I4*$I$2+K4)))) -> 4000000001 | F4: 4 | J4: 20000000001 | K4: 1
A5: APTOS | B5: DNA-120-BF10-440W | C5: APTOS | D5: 440W 120C BIFACIAL | E5: =IF(F5="",J5,IF(G5="",F5*$F$2+K5,IF(H5="",F5*$F$2+G5*$G$2+K5,IF(I5="",F5*$F$2+G5*$G$2+H5*$H$2+K5,F5*$F$2+G5*$G$2+H5*$H$2+I5*$I$2+K5)))) -> 2000000002 | F5: 2 | J5: =J4+1 -> 20000000002 | K5: 2
A6: APTOS | B6: DNA-120-MF26-370W | C6: APTOS | D6: 370W BLK 120C 35MM (26) [806] | E6: =IF(F6="",J6,IF(G6="",F6*$F$2+K6,IF(H6="",F6*$F$2+G6*$G$2+K6,IF(I6="",F6*$F$2+G6*$G$2+H6*$H$2+K6,F6*$F$2+G6*$G$2+H6*$H$2+I6*$I$2+K6)))) -> 2000000003 | F6: 2 | J6: =J5+1 -> 20000000003 | K6: 3
A7: APTOS | B7: DNA-144-BF26-440W | C7: APTOS | D7: 440W BLACK BIF (31) [682] | E7: =IF(F7="",J7,IF(G7="",F7*$F$2+K7,IF(H7="",F7*$F$2+G7*$G$2+K7,IF(I7="",F7*$F$2+G7*$G$2+H7*$H$2+K7,F7*$F$2+G7*$G$2+H7*$H$2+I7*$I$2+K7)))) -> 2000000004 | F7: 2 | J7: =J6+1 -> 20000000004 | K7: 4
A8: ARL | B8: 2010 | C8: ARL | D8: 3/4 CONDUIT HANGER W/BOLT | E8: =IF(F8="",J8,IF(G8="",F8*$F$2+K8,IF(H8="",F8*$F$2+G8*$G$2+K8,IF(I8="",F8*$F$2+G8*$G$2+H8*$H$2+K8,F8*$F$2+G8*$G$2+H8*$H$2+I8*$I$2+K8)))) -> 4000000005 | F8: 4 | J8: =J7+1 -> 20000000005 | K8: 5
A9: ARL | B9: 2020 | C9: ARL | D9: 1-IN COND HANGER W/BOLT | E9: =IF(F9="",J9,IF(G9="",F9*$F$2+K9,IF(H9="",F9*$F$2+G9*$G$2+K9,IF(I9="",F9*$F$2+G9*$G$2+H9*$H$2+K9,F9*$F$2+G9*$G$2+H9*$H$2+I9*$I$2+K9)))) -> 4000000006 | F9: 4 | J9: =J8+1 -> 20000000006 | K9: 6
A10: ARL | B10: 311 | C10: ARL | D10: 1/4 1H STL BX AC/MC STRAP 100/BX | E10: =IF(F10="",J10,IF(G10="",F10*$F$2+K10,IF(H10="",F10*$F$2+G10*$G$2+K10,IF(I10="",F10*$F$2+G10*$G$2+H10*$H$2+K10,F10*$F$2+G10*$G$2+H10*$H$2+I10*$I$2+K10)))) -> 4000000007 | F10: 4 | J10: =J9+1 -> 20000000007 | K10: 7
A11: ARL | B11: 340 | C11: ARL | D11: 1/2 1H STEEL COND STRAP | E11: =IF(F11="",J11,IF(G11="",F11*$F$2+K11,IF(H11="",F11*$F$2+G11*$G$2+K11,IF(I11="",F11*$F$2+G11*$G$2+H11*$H$2+K11,F11*$F$2+G11*$G$2+H11*$H$2+I11*$I$2+K11)))) -> 4000000008 | F11: 4 | J11: =J10+1 -> 20000000008 | K11: 8
A12: ARL | B12: 341 | C12: ARL | D12: 3/4 1H STEEL COND STRAP | E12: =IF(F12="",J12,IF(G12="",F12*$F$2+K12,IF(H12="",F12*$F$2+G12*$G$2+K12,IF(I12="",F12*$F$2+G12*$G$2+H12*$H$2+K12,F12*$F$2+G12*$G$2+H12*$H$2+I12*$I$2+K12)))) -> 4000000009 | F12: 4 | J12: =J11+1 -> 20000000009 | K12: 9
A13: ARL | B13: 342 | C13: ARL | D13: 1-IN 1H STEEL COND STRAP | E13: =IF(F13="",J13,IF(G13="",F13*$F$2+K13,IF(H13="",F13*$F$2+G13*$G$2+K13,IF(I13="",F13*$F$2+G13*$G$2+H13*$H$2+K13,F13*$F$2+G13*$G$2+H13*$H$2+I13*$I$2+K13)))) -> 4000000010 | F13: 4 | J13: =J12+1 -> 20000000010 | K13: 10
A14: ARL | B14: 350 | C14: ARL | D14: 1/2 2H STEEL COND STRAP | E14: =IF(F14="",J14,IF(G14="",F14*$F$2+K14,IF(H14="",F14*$F$2+G14*$G$2+K14,IF(I14="",F14*$F$2+G14*$G$2+H14*$H$2+K14,F14*$F$2+G14*$G$2+H14*$H$2+I14*$I$2+K14)))) -> 4000000011 | F14: 4 | J14: =J13+1 -> 20000000011 | K14: 11
A15: ARL | B15: 355 | C15: ARL | D15: 2-IN 2H STEEL COND STRAP | E15: =IF(F15="",J15,IF(G15="",F15*$F$2+K15,IF(H15="",F15*$F$2+G15*$G$2+K15,IF(I15="",F15*$F$2+G15*$G$2+H15*$H$2+K15,F15*$F$2+G15*$G$2+H15*$H$2+I15*$I$2+K15)))) -> 4000000012 | F15: 4 | J15: =J14+1 -> 20000000012 | K15: 12
A16: ARL | B16: 371 | C16: ARL | D16: 3/4 1H STL EMT STRAP | E16: =IF(F16="",J16,IF(G16="",F16*$F$2+K16,IF(H16="",F16*$F$2+G16*$G$2+K16,IF(I16="",F16*$F$2+G16*$G$2+H16*$H$2+K16,F16*$F$2+G16*$G$2+H16*$H$2+I16*$I$2+K16)))) -> 4000000013 | F16: 4 | J16: =J15+1 -> 20000000013 | K16: 13
A17: ARL | B17: 373 | C17: ARL | D17: 1-1/4 1H STL EMT STRAP | E17: =IF(F17="",J17,IF(G17="",F17*$F$2+K17,IF(H17="",F17*$F$2+G17*$G$2+K17,IF(I17="",F17*$F$2+G17*$G$2+H17*$H$2+K17,F17*$F$2+G17*$G$2+H17*$H$2+I17*$I$2+K17)))) -> 4000000014 | F17: 4 | J17: =J16+1 -> 20000000014 | K17: 14
A18: ARL | B18: 404 | C18: ARL | D18: 1-1/4 STEEL LOCKNUT | E18: =IF(F18="",J18,IF(G18="",F18*$F$2+K18,IF(H18="",F18*$F$2+G18*$G$2+K18,IF(I18="",F18*$F$2+G18*$G$2+H18*$H$2+K18,F18*$F$2+G18*$G$2+H18*$H$2+I18*$I$2+K18)))) -> 4000000015 | F18: 4 | J18: =J17+1 -> 20000000015 | K18: 15
A19: ARL | B19: 406 | C19: ARL | D19: 2-IN STEEL LOCKNUT | E19: =IF(F19="",J19,IF(G19="",F19*$F$2+K19,IF(H19="",F19*$F$2+G19*$G$2+K19,IF(I19="",F19*$F$2+G19*$G$2+H19*$H$2+K19,F19*$F$2+G19*$G$2+H19*$H$2+I19*$I$2+K19)))) -> 4000000016 | F19: 4 | J19: =J18+1 -> 20000000016 | K19: 16
... A31: ARL | B31: 522 | C31: ARL | D31: 3/4X1/2 RED BUSH | E31: =IF(F31="",J31,IF(G31="",F31*$F$2+K31,IF(H31="",F31*$F$2+G31*$G$2+K31,IF(I31="",F31*$F$2+G31*$G$2+H31*$H$2+K31,F31*$F$2+G31*$G$2+H31*$H$2+I31*$I$2+K31)))) -> 4000000028 | F31: 4 | J31: =J30+1 -> 20000000028 | K31: 28
A32: ARL | B32: 6A3 | C32: ARL | D32: 3/4 D/C OFFSET NIPPLE | E32: =IF(F32="",J32,IF(G32="",F32*$F$2+K32,IF(H32="",F32*$F$2+G32*$G$2+K32,IF(I32="",F32*$F$2+G32*$G$2+H32*$H$2+K32,F32*$F$2+G32*$G$2+H32*$H$2+I32*$I$2+K32)))) -> 4000000029 | F32: 4 | J32: =J31+1 -> 20000000029 | K32: 29
A33: ARL | B33: 6A6 | C33: ARL | D33: 1-1/2 D/C OFFSET NIPPLE | E33: =IF(F33="",J33,IF(G33="",F33*$F$2+K33,IF(H33="",F33*$F$2+G33*$G$2+K33,IF(I33="",F33*$F$2+G33*$G$2+H33*$H$2+K33,F33*$F$2+G33*$G$2+H33*$H$2+I33*$I$2+K33)))) -> 4000000030 | F33: 4 | J33: =J32+1 -> 20000000030 | K33: 30
A34: ARL | B34: 801 | C34: ARL | D34: 3/4 D/C SS EMT CONN | E34: =IF(F34="",J34,IF(G34="",F34*$F$2+K34,IF(H34="",F34*$F$2+G34*$G$2+K34,IF(I34="",F34*$F$2+G34*$G$2+H34*$H$2+K34,F34*$F$2+G34*$G$2+H34*$H$2+I34*$I$2+K34)))) -> 4000000031 | F34: 4 | J34: =J33+1 -> 20000000031 | K34: 31
A35: ARL | B35: 803 | C35: ARL | D35: 1-1/4 D/C SS EMT CONN | E35: =IF(F35="",J35,IF(G35="",F35*$F$2+K35,IF(H35="",F35*$F$2+G35*$G$2+K35,IF(I35="",F35*$F$2+G35*$G$2+H35*$H$2+K35,F35*$F$2+G35*$G$2+H35*$H$2+I35*$I$2+K35)))) -> 4000000032 | F35: 4 | J35: =J34+1 -> 20000000032 | K35: 32
A36: ARL | B36: 831RT | C36: ARL | D36: 3/4 EMT COMP CPLG | E36: =IF(F36="",J36,IF(G36="",F36*$F$2+K36,IF(H36="",F36*$F$2+G36*$G$2+K36,IF(I36="",F36*$F$2+G36*$G$2+H36*$H$2+K36,F36*$F$2+G36*$G$2+H36*$H$2+I36*$I$2+K36)))) -> 4000000033 | F36: 4 | J36: =J35+1 -> 20000000033 | K36: 33
A37: ARL | B37: 842ST | C37: ARL | D37: 3/4 SNPT SEU CONN | E37: =IF(F37="",J37,IF(G37="",F37*$F$2+K37,IF(H37="",F37*$F$2+G37*$G$2+K37,IF(I37="",F37*$F$2+G37*$G$2+H37*$H$2+K37,F37*$F$2+G37*$G$2+H37*$H$2+I37*$I$2+K37)))) -> 4000000034 | F37: 4 | J37: =J36+1 -> 20000000034 | K37: 34
A38: ARL | B38: 843S | C38: ARL | D38: 1-IN 2-SCR SEC CONN | E38: =IF(F38="",J38,IF(G38="",F38*$F$2+K38,IF(H38="",F38*$F$2+G38*$G$2+K38,IF(I38="",F38*$F$2+G38*$G$2+H38*$H$2+K38,F38*$F$2+G38*$G$2+H38*$H$2+I38*$I$2+K38)))) -> 4000000035 | F38: 4 | J38: =J37+1 -> 20000000035 | K38: 35
A39: ARL | B39: 862 | C39: ARL | D39: 3/4" EMT TO FLEX (25) [100] | E39: =IF(F39="",J39,IF(G39="",F39*$F$2+K39,IF(H39="",F39*$F$2+G39*$G$2+K39,IF(I39="",F39*$F$2+G39*$G$2+H39*$H$2+K39,F39*$F$2+G39*$G$2+H39*$H$2+I39*$I$2+K39)))) -> 4000000036 | F39: 4 | J39: =J38+1 -> 20000000036 | K39: 36
A40: ARL | B40: 8630 | C40: ARL | D40: 1" EMT TO FLEX CPLG (10) [40] | E40: =IF(F40="",J40,IF(G40="",F40*$F$2+K40,IF(H40="",F40*$F$2+G40*$G$2+K40,IF(I40="",F40*$F$2+G40*$G$2+H40*$H$2+K40,F40*$F$2+G40*$G$2+H40*$H$2+I40*$I$2+K40)))) -> 4000000037 | F40: 4 | J40: =J39+1 -> 20000000037 | K40: 37
A41: ARL | B41: 902 | C41: ARL | D41: 1-IN SNAP-IN KO BLANK | E41: =IF(F41="",J41,IF(G41="",F41*$F$2+K41,IF(H41="",F41*$F$2+G41*$G$2+K41,IF(I41="",F41*$F$2+G41*$G$2+H41*$H$2+K41,F41*$F$2+G41*$G$2+H41*$H$2+I41*$I$2+K41)))) -> 4000000038 | F41: 4 | J41: =J40+1 -> 20000000038 | K41: 38
A42: ARL | B42: 905 | C42: ARL | D42: 2-IN SNAP-IN KO BLANK | E42: =IF(F42="",J42,IF(G42="",F42*$F$2+K42,IF(H42="",F42*$F$2+G42*$G$2+K42,IF(I42="",F42*$F$2+G42*$G$2+H42*$H$2+K42,F42*$F$2+G42*$G$2+H42*$H$2+I42*$I$2+K42)))) -> 4000000039 | F42: 4 | J42: =J41+1 -> 20000000039 | K42: 39
A43: ARL | B43: 932NM | C43: ARL | D43: 1-IN PVC CONDUIT BODY | E43: =IF(F43="",J43,IF(G43="",F43*$F$2+K43,IF(H43="",F43*$F$2+G43*$G$2+K43,IF(I43="",F43*$F$2+G43*$G$2+H43*$H$2+K43,F43*$F$2+G43*$G$2+H43*$H$2+I43*$I$2+K43)))) -> 4000000040 | F43: 4 | J43: =J42+1 -> 20000000040 | K43: 40
A44: ARL | B44: DLN2 | C44: ARL | D44: 3/4 DIE CAST LOCKNUT | E44: =IF(F44="",J44,IF(G44="",F44*$F$2+K44,IF(H44="",F44*$F$2+G44*$G$2+K44,IF(I44="",F44*$F$2+G44*$G$2+H44*$H$2+K44,F44*$F$2+G44*$G$2+H44*$H$2+I44*$I$2+K44)))) -> 4000000041 | F44: 4 | J44: =J43+1 -> 20000000041 | K44: 41
A45: ARL | B45: EMT75 | C45: ARL | D45: 3/4IN NM TERMINATOR | E45: =IF(F45="",J45,IF(G45="",F45*$F$2+K45,IF(H45="",F45*$F$2+G45*$G$2+K45,IF(I45="",F45*$F$2+G45*$G$2+H45*$H$2+K45,F45*$F$2+G45*$G$2+H45*$H$2+I45*$I$2+K45)))) -> 4000000042 | F45: 4 | J45: =J44+1 -> 20000000042 | K45: 42
A46: ARL | B46: GF862 | C46: ARL | D46: 3/4 FLEX TO EMT COUPLING | E46: =IF(F46="",J46,IF(G46="",F46*$F$2+K46,IF(H46="",F46*$F$2+G46*$G$2+K46,IF(I46="",F46*$F$2+G46*$G$2+H46*$H$2+K46,F46*$F$2+G46*$G$2+H46*$H$2+I46*$I$2+K46)))) -> 4000000043 | F46: 4 | J46: =J45+1 -> 20000000043 | K46: 43
A47: ARL | B47: GF863 | C47: ARL | D47: 1-IN FLEX TO EMT COUPLING | E47: =IF(F47="",J47,IF(G47="",F47*$F$2+K47,IF(H47="",F47*$F$2+G47*$G$2+K47,IF(I47="",F47*$F$2+G47*$G$2+H47*$H$2+K47,F47*$F$2+G47*$G$2+H47*$H$2+I47*$I$2+K47)))) -> 4000000044 | F47: 4 | J47: =J46+1 -> 20000000044 | K47: 44
A48: ARL | B48: GFC75 | C48: ARL | D48: 3/4 D/C SCR-IN FLEX CPLG | E48: =IF(F48="",J48,IF(G48="",F48*$F$2+K48,IF(H48="",F48*$F$2+G48*$G$2+K48,IF(I48="",F48*$F$2+G48*$G$2+H48*$H$2+K48,F48*$F$2+G48*$G$2+H48*$H$2+I48*$I$2+K48)))) -> 4000000045 | F48: 4 | J48: =J47+1 -> 20000000045 | K48: 45
A49: ARL | B49: HL7500 | C49: ARL | D49: 3/4 SS EMT/RID ELL | E49: =IF(F49="",J49,IF(G49="",F49*$F$2+K49,IF(H49="",F49*$F$2+G49*$G$2+K49,IF(I49="",F49*$F$2+G49*$G$2+H49*$H$2+K49,F49*$F$2+G49*$G$2+H49*$H$2+I49*$I$2+K49)))) -> 4000000046 | F49: 4 | J49: =J48+1 -> 20000000046 | K49: 46
A50: ARL | B50: LPCG757 | C50: ARL | D50: 3/4 .375/.750 NMCRDCONN | E50: =IF(F50="",J50,IF(G50="",F50*$F$2+K50,IF(H50="",F50*$F$2+G50*$G$2+K50,IF(I50="",F50*$F$2+G50*$G$2+H50*$H$2+K50,F50*$F$2+G50*$G$2+H50*$H$2+I50*$I$2+K50)))) -> 4000000047 | F50: 4 | J50: =J49+1 -> 20000000047 | K50: 47
A51: ARL | B51: LT100 | C51: ARL | D51: 1-IN STR L/T FLEX CONN | E51: =IF(F51="",J51,IF(G51="",F51*$F$2+K51,IF(H51="",F51*$F$2+G51*$G$2+K51,IF(I51="",F51*$F$2+G51*$G$2+H51*$H$2+K51,F51*$F$2+G51*$G$2+H51*$H$2+I51*$I$2+K51)))) -> 4000000048 | F51: 4 | J51: =J50+1 -> 20000000048 | K51: 48
A52: ARL | B52: LT125 | C52: ARL | D52: 1-1/4 STR L/T FLEX CONN | E52: =IF(F52="",J52,IF(G52="",F52*$F$2+K52,IF(H52="",F52*$F$2+G52*$G$2+K52,IF(I52="",F52*$F$2+G52*$G$2+H52*$H$2+K52,F52*$F$2+G52*$G$2+H52*$H$2+I52*$I$2+K52)))) -> 4000000049 | F52: 4 | J52: =J51+1 -> 20000000049 | K52: 49
A53: ARL | B53: LT75 | C53: ARL | D53: 3/4 STR L/T FLEX CONN | E53: =IF(F53="",J53,IF(G53="",F53*$F$2+K53,IF(H53="",F53*$F$2+G53*$G$2+K53,IF(I53="",F53*$F$2+G53*$G$2+H53*$H$2+K53,F53*$F$2+G53*$G$2+H53*$H$2+I53*$I$2+K53)))) -> 4000000050 | F53: 4 | J53: =J52+1 -> 20000000050 | K53: 50
A54: ARL | B54: LT90100 | C54: ARL | D54: 1-IN 90D L/T FLX CONN | E54: =IF(F54="",J54,IF(G54="",F54*$F$2+K54,IF(H54="",F54*$F$2+G54*$G$2+K54,IF(I54="",F54*$F$2+G54*$G$2+H54*$H$2+K54,F54*$F$2+G54*$G$2+H54*$H$2+I54*$I$2+K54)))) -> 4000000051 | F54: 4 | J54: =J53+1 -> 20000000051 | K54: 51
... A82: BLINE | B82: N524ZN | C82: BLINE | D82: 1/4-IN SPRNG NUT 20 THREAD | E82: =IF(F82="",J82,IF(G82="",F82*$F$2+K82,IF(H82="",F82*$F$2+G82*$G$2+K82,IF(I82="",F82*$F$2+G82*$G$2+H82*$H$2+K82,F82*$F$2+G82*$G$2+H82*$H$2+I82*$I$2+K82)))) -> 4000000079 | F82: 4 | J82: =J81+1 -> 20000000079 | K82: 79
A83: BPT | B83: 1005 | C83: BPT | D83: 5 ANTISHORT BUSHING | E83: =IF(F83="",J83,IF(G83="",F83*$F$2+K83,IF(H83="",F83*$F$2+G83*$G$2+K83,IF(I83="",F83*$F$2+G83*$G$2+H83*$H$2+K83,F83*$F$2+G83*$G$2+H83*$H$2+I83*$I$2+K83)))) -> 4000000080 | F83: 4 | J83: =J82+1 -> 20000000080 | K83: 80
A84: BPT | B84: 1026 | C84: BPT | D84: 3/4 AL SLB ENTR ELL | E84: =IF(F84="",J84,IF(G84="",F84*$F$2+K84,IF(H84="",F84*$F$2+G84*$G$2+K84,IF(I84="",F84*$F$2+G84*$G$2+H84*$H$2+K84,F84*$F$2+G84*$G$2+H84*$H$2+I84*$I$2+K84)))) -> 4000000081 | F84: 4 | J84: =J83+1 -> 20000000081 | K84: 81
A85: BPT | B85: 1027 | C85: BPT | D85: 1-IN AL SLB ENTR ELL | E85: =IF(F85="",J85,IF(G85="",F85*$F$2+K85,IF(H85="",F85*$F$2+G85*$G$2+K85,IF(I85="",F85*$F$2+G85*$G$2+H85*$H$2+K85,F85*$F$2+G85*$G$2+H85*$H$2+I85*$I$2+K85)))) -> 4000000082 | F85: 4 | J85: =J84+1 -> 20000000082 | K85: 82
A86: BPT | B86: 103S | C86: BPT | D86: 1"UL STEEL CONDT LOCKNUT 100/500 | E86: =IF(F86="",J86,IF(G86="",F86*$F$2+K86,IF(H86="",F86*$F$2+G86*$G$2+K86,IF(I86="",F86*$F$2+G86*$G$2+H86*$H$2+K86,F86*$F$2+G86*$G$2+H86*$H$2+I86*$I$2+K86)))) -> 4000000083 | F86: 4 | J86: =J85+1 -> 20000000083 | K86: 83
A87: BPT | B87: 1063 | C87: BPT | D87: 1"-3/4" RED WASH | E87: =IF(F87="",J87,IF(G87="",F87*$F$2+K87,IF(H87="",F87*$F$2+G87*$G$2+K87,IF(I87="",F87*$F$2+G87*$G$2+H87*$H$2+K87,F87*$F$2+G87*$G$2+H87*$H$2+I87*$I$2+K87)))) -> 4000000084 | F87: 4 | J87: =J86+1 -> 20000000084 | K87: 84
A88: BPT | B88: 142 | C88: BPT | D88: 3/4 SEALING LOCKNUT | E88: =IF(F88="",J88,IF(G88="",F88*$F$2+K88,IF(H88="",F88*$F$2+G88*$G$2+K88,IF(I88="",F88*$F$2+G88*$G$2+H88*$H$2+K88,F88*$F$2+G88*$G$2+H88*$H$2+I88*$I$2+K88)))) -> 4000000085 | F88: 4 | J88: =J87+1 -> 20000000085 | K88: 85
A89: BPT | B89: 143 | C89: BPT | D89: 1-IN SEALING LOCKNUT 25/100 PK | E89: =IF(F89="",J89,IF(G89="",F89*$F$2+K89,IF(H89="",F89*$F$2+G89*$G$2+K89,IF(I89="",F89*$F$2+G89*$G$2+H89*$H$2+K89,F89*$F$2+G89*$G$2+H89*$H$2+I89*$I$2+K89)))) -> 4000000086 | F89: 4 | J89: =J88+1 -> 20000000086 | K89: 86
A90: BPT | B90: 1522DC | C90: BPT | D90: 1" OFFSET NIPPLE | E90: =IF(F90="",J90,IF(G90="",F90*$F$2+K90,IF(H90="",F90*$F$2+G90*$G$2+K90,IF(I90="",F90*$F$2+G90*$G$2+H90*$H$2+K90,F90*$F$2+G90*$G$2+H90*$H$2+I90*$I$2+K90)))) -> 4000000087 | F90: 4 | J90: =J89+1 -> 20000000087 | K90: 87
A91: BPT | B91: 152DC | C91: BPT | D91: 3/4 D/C KO HUB | E91: =IF(F91="",J91,IF(G91="",F91*$F$2+K91,IF(H91="",F91*$F$2+G91*$G$2+K91,IF(I91="",F91*$F$2+G91*$G$2+H91*$H$2+K91,F91*$F$2+G91*$G$2+H91*$H$2+I91*$I$2+K91)))) -> 4000000088 | F91: 4 | J91: =J90+1 -> 20000000088 | K91: 88
A92: BPT | B92: 162G | C92: BPT | D92: 3/4" GROUNDING LOCKNUT | E92: =IF(F92="",J92,IF(G92="",F92*$F$2+K92,IF(H92="",F92*$F$2+G92*$G$2+K92,IF(I92="",F92*$F$2+G92*$G$2+H92*$H$2+K92,F92*$F$2+G92*$G$2+H92*$H$2+I92*$I$2+K92)))) -> 4000000089 | F92: 4 | J92: =J91+1 -> 20000000089 | K92: 89
A93: BPT | B93: 163G | C93: BPT | D93: 1" GROUNDING LOCKNUT | E93: =IF(F93="",J93,IF(G93="",F93*$F$2+K93,IF(H93="",F93*$F$2+G93*$G$2+K93,IF(I93="",F93*$F$2+G93*$G$2+H93*$H$2+K93,F93*$F$2+G93*$G$2+H93*$H$2+I93*$I$2+K93)))) -> 4000000090 | F93: 4 | J93: =J92+1 -> 20000000090 | K93: 90
A94: BPT | B94: 1693 | C94: BPT | D94: 1-IN SNAP-IN KO BLANK | E94: =IF(F94="",J94,IF(G94="",F94*$F$2+K94,IF(H94="",F94*$F$2+G94*$G$2+K94,IF(I94="",F94*$F$2+G94*$G$2+H94*$H$2+K94,F94*$F$2+G94*$G$2+H94*$H$2+I94*$I$2+K94)))) -> 4000000091 | F94: 4 | J94: =J93+1 -> 20000000091 | K94: 91
A95: BPT | B95: 192 | C95: BPT | D95: 3/4 INSULINER SLEEVE | E95: =IF(F95="",J95,IF(G95="",F95*$F$2+K95,IF(H95="",F95*$F$2+G95*$G$2+K95,IF(I95="",F95*$F$2+G95*$G$2+H95*$H$2+K95,F95*$F$2+G95*$G$2+H95*$H$2+I95*$I$2+K95)))) -> 4000000092 | F95: 4 | J95: =J94+1 -> 20000000092 | K95: 92
A96: BPT | B96: 2110 | C96: BPT | D96: 3/4 COND HGR W/BOLT | E96: =IF(F96="",J96,IF(G96="",F96*$F$2+K96,IF(H96="",F96*$F$2+G96*$G$2+K96,IF(I96="",F96*$F$2+G96*$G$2+H96*$H$2+K96,F96*$F$2+G96*$G$2+H96*$H$2+I96*$I$2+K96)))) -> 4000000093 | F96: 4 | J96: =J95+1 -> 20000000093 | K96: 93
A97: BPT | B97: 2120 | C97: BPT | D97: 1-IN COND HGR W/BOLT | E97: =IF(F97="",J97,IF(G97="",F97*$F$2+K97,IF(H97="",F97*$F$2+G97*$G$2+K97,IF(I97="",F97*$F$2+G97*$G$2+H97*$H$2+K97,F97*$F$2+G97*$G$2+H97*$H$2+I97*$I$2+K97)))) -> 4000000094 | F97: 4 | J97: =J96+1 -> 20000000094 | K97: 94
A98: BPT | B98: 251RT2 | C98: BPT | D98: 3/4 RAIN TIGHT COMP CONN ZINC | E98: =IF(F98="",J98,IF(G98="",F98*$F$2+K98,IF(H98="",F98*$F$2+G98*$G$2+K98,IF(I98="",F98*$F$2+G98*$G$2+H98*$H$2+K98,F98*$F$2+G98*$G$2+H98*$H$2+I98*$I$2+K98)))) -> 4000000095 | F98: 4 | J98: =J97+1 -> 20000000095 | K98: 95
A99: BPT | B99: 252RT2 | C99: BPT | D99: 1" RAIN TIGT COMPRES CONN 15/150P | E99: =IF(F99="",J99,IF(G99="",F99*$F$2+K99,IF(H99="",F99*$F$2+G99*$G$2+K99,IF(I99="",F99*$F$2+G99*$G$2+H99*$H$2+K99,F99*$F$2+G99*$G$2+H99*$H$2+I99*$I$2+K99)))) -> 4000000096 | F99: 4 | J99: =J98+1 -> 20000000096 | K99: 96
A100: BPT | B100: 262RT | C100: BPT | D100: 1"RAIN TIGT COMPRES COUP 15/150 | E100: =IF(F100="",J100,IF(G100="",F100*$F$2+K100,IF(H100="",F100*$F$2+G100*$G$2+K100,IF(I100="",F100*$F$2+G100*$G$2+H100*$H$2+K100,F100*$F$2+G100*$G$2+H100*$H$2+I100*$I$2+K100)))) -> 4000000097 | F100: 4 | J100: =J99+1 -> 20000000097 | K100: 97
A101: BPT | B101: 284DC | C101: BPT | D101: 1-1/4 EMT/FLEX CPLG | E101: =IF(F101="",J101,IF(G101="",F101*$F$2+K101,IF(H101="",F101*$F$2+G101*$G$2+K101,IF(I101="",F101*$F$2+G101*$G$2+H101*$H$2+K101,F101*$F$2+G101*$G$2+H101*$H$2+I101*$I$2+K101)))) -> 4000000098 | F101: 4 | J101: =J100+1 -> 20000000098 | K101: 98
A102: BPT | B102: 382DC | C102: BPT | D102: 3/4 GRD. BUSH. INS.14-4 ZINC | E102: =IF(F102="",J102,IF(G102="",F102*$F$2+K102,IF(H102="",F102*$F$2+G102*$G$2+K102,IF(I102="",F102*$F$2+G102*$G$2+H102*$H$2+K102,F102*$F$2+G102*$G$2+H102*$H$2+I102*$I$2+K102)))) -> 4000000099 | F102: 4 | J102: =J101+1 -> 20000000099 | K102: 99
A103: BPT | B103: 383DC | C103: BPT | D103: 1"GRND.BUSH.INS.14-4 ZINC 25/250P | E103: =IF(F103="",J103,IF(G103="",F103*$F$2+K103,IF(H103="",F103*$F$2+G103*$G$2+K103,IF(I103="",F103*$F$2+G103*$G$2+H103*$H$2+K103,F103*$F$2+G103*$G$2+H103*$H$2+I103*$I$2+K103)))) -> 4000000100 | F103: 4 | J103: =J102+1 -> 20000000100 | K103: 100
A104: BPT | B104: 410DC2 | C104: BPT | D104: 1-IN SQZ FLEX CONN | E104: =IF(F104="",J104,IF(G104="",F104*$F$2+K104,IF(H104="",F104*$F$2+G104*$G$2+K104,IF(I104="",F104*$F$2+G104*$G$2+H104*$H$2+K104,F104*$F$2+G104*$G$2+H104*$H$2+I104*$I$2+K104)))) -> 4000000101 | F104: 4 | J104: =J103+1 -> 20000000101 | K104: 101
A105: BPT | B105: 431LT2 | C105: BPT | D105: 3/4 STR L/T CONN | E105: =IF(F105="",J105,IF(G105="",F105*$F$2+K105,IF(H105="",F105*$F$2+G105*$G$2+K105,IF(I105="",F105*$F$2+G105*$G$2+H105*$H$2+K105,F105*$F$2+G105*$G$2+H105*$H$2+I105*$I$2+K105)))) -> 4000000102 | F105: 4 | J105: =J104+1 -> 20000000102 | K105: 102
A106: BPT | B106: 472LTI2 | C106: BPT | D106: 1-IN 90D L/T CONN | E106: =IF(F106="",J106,IF(G106="",F106*$F$2+K106,IF(H106="",F106*$F$2+G106*$G$2+K106,IF(I106="",F106*$F$2+G106*$G$2+H106*$H$2+K106,F106*$F$2+G106*$G$2+H106*$H$2+I106*$I$2+K106)))) -> 4000000103 | F106: 4 | J106: =J105+1 -> 20000000103 | K106: 103
A107: BPT | B107: 521DC2 | C107: BPT | D107: 3/4" SCREW-IN CONN.ZINC DIE FLEX | E107: =IF(F107="",J107,IF(G107="",F107*$F$2+K107,IF(H107="",F107*$F$2+G107*$G$2+K107,IF(I107="",F107*$F$2+G107*$G$2+H107*$H$2+K107,F107*$F$2+G107*$G$2+H107*$H$2+I107*$I$2+K107)))) -> 4000000104 | F107: 4 | J107: =J106+1 -> 20000000104 | K107: 104
A108: BPT | B108: 522DC2 | C108: BPT | D108: 1-IN FLEX CONN | E108: =IF(F108="",J108,IF(G108="",F108*$F$2+K108,IF(H108="",F108*$F$2+G108*$G$2+K108,IF(I108="",F108*$F$2+G108*$G$2+H108*$H$2+K108,F108*$F$2+G108*$G$2+H108*$H$2+I108*$I$2+K108)))) -> 4000000105 | F108: 4 | J108: =J107+1 -> 20000000105 | K108: 105
A109: BPT | B109: 531DC | C109: BPT | D109: 3/4" SCREW-IN CPLG. | E109: =IF(F109="",J109,IF(G109="",F109*$F$2+K109,IF(H109="",F109*$F$2+G109*$G$2+K109,IF(I109="",F109*$F$2+G109*$G$2+H109*$H$2+K109,F109*$F$2+G109*$G$2+H109*$H$2+I109*$I$2+K109)))) -> 4000000106 | F109: 4 | J109: =J108+1 -> 20000000106 | K109: 106
... A182: CULLY | B182: 80006J | C182: CULLY | D182: 10-32X3/8 PHIL/SLOT GRN GRD SCR | E182: =IF(F182="",J182,IF(G182="",F182*$F$2+K182,IF(H182="",F182*$F$2+G182*$G$2+K182,IF(I182="",F182*$F$2+G182*$G$2+H182*$H$2+K182,F182*$F$2+G182*$G$2+H182*$H$2+I182*$I$2+K182)))) -> 4000000179 | F182: 4 | J182: =J181+1 -> 20000000179 | K182: 179
A183: DIXTI | B183: 49600 | C183: DIXTI | D183: LUMBER CRAYON - YELLOW - 12CT | E183: =IF(F183="",J183,IF(G183="",F183*$F$2+K183,IF(H183="",F183*$F$2+G183*$G$2+K183,IF(I183="",F183*$F$2+G183*$G$2+H183*$H$2+K183,F183*$F$2+G183*$G$2+H183*$H$2+I183*$I$2+K183)))) -> 6000000180 | F183: 6 | J183: =J182+1 -> 20000000180 | K183: 180
A184: DIXTI | B184: 52000 | C184: DIXTI | D184: LUMBER CRAYON - RED - 12CT | E184: =IF(F184="",J184,IF(G184="",F184*$F$2+K184,IF(H184="",F184*$F$2+G184*$G$2+K184,IF(I184="",F184*$F$2+G184*$G$2+H184*$H$2+K184,F184*$F$2+G184*$G$2+H184*$H$2+I184*$I$2+K184)))) -> 6000000181 | F184: 6 | J184: =J183+1 -> 20000000181 | K184: 181
A185: DOT | B185: 1032TC | C185: DOT | D185: 10-32X3/8 GRD SCR | E185: =IF(F185="",J185,IF(G185="",F185*$F$2+K185,IF(H185="",F185*$F$2+G185*$G$2+K185,IF(I185="",F185*$F$2+G185*$G$2+H185*$H$2+K185,F185*$F$2+G185*$G$2+H185*$H$2+I185*$I$2+K185)))) -> 4000000182 | F185: 4 | J185: =J184+1 -> 20000000182 | K185: 182
A186: DOT | B186: TEKHW101 | C186: DOT | D186: 10 X 1" HEX HEAD (100) | E186: =IF(F186="",J186,IF(G186="",F186*$F$2+K186,IF(H186="",F186*$F$2+G186*$G$2+K186,IF(I186="",F186*$F$2+G186*$G$2+H186*$H$2+K186,F186*$F$2+G186*$G$2+H186*$H$2+I186*$I$2+K186)))) -> 4000000183 | F186: 4 | J186: =J185+1 -> 20000000183 | K186: 183
A187: EATON | B187: BJ2200 | C187: EATON | D187: 2P-120/240V-200A CB | E187: =IF(F187="",J187,IF(G187="",F187*$F$2+K187,IF(H187="",F187*$F$2+G187*$G$2+K187,IF(I187="",F187*$F$2+G187*$G$2+H187*$H$2+K187,F187*$F$2+G187*$G$2+H187*$H$2+I187*$I$2+K187)))) -> 6000000184 | F187: 6 | J187: =J186+1 -> 20000000184 | K187: 184
A188: EATON | B188: BQ220240 | C188: EATON | D188: 4P 20/40A CB | E188: =IF(F188="",J188,IF(G188="",F188*$F$2+K188,IF(H188="",F188*$F$2+G188*$G$2+K188,IF(I188="",F188*$F$2+G188*$G$2+H188*$H$2+K188,F188*$F$2+G188*$G$2+H188*$H$2+I188*$I$2+K188)))) -> 6000000185 | F188: 6 | J188: =J187+1 -> 20000000185 | K188: 185
A189: EATON | B189: BQ220250 | C189: EATON | D189: 4P 20/50A CB | E189: =IF(F189="",J189,IF(G189="",F189*$F$2+K189,IF(H189="",F189*$F$2+G189*$G$2+K189,IF(I189="",F189*$F$2+G189*$G$2+H189*$H$2+K189,F189*$F$2+G189*$G$2+H189*$H$2+I189*$I$2+K189)))) -> 6000000186 | F189: 6 | J189: =J188+1 -> 20000000186 | K189: 186
A190: EATON | B190: BR115 | C190: EATON | D190: CB 1P 15A 120/240V (10/BX) | E190: =IF(F190="",J190,IF(G190="",F190*$F$2+K190,IF(H190="",F190*$F$2+G190*$G$2+K190,IF(I190="",F190*$F$2+G190*$G$2+H190*$H$2+K190,F190*$F$2+G190*$G$2+H190*$H$2+I190*$I$2+K190)))) -> 6000000187 | F190: 6 | J190: =J189+1 -> 20000000187 | K190: 187
A191: EATON | B191: BR120 | C191: EATON | D191: CB 1P 20A 120/240 (10/BX) | E191: =IF(F191="",J191,IF(G191="",F191*$F$2+K191,IF(H191="",F191*$F$2+G191*$G$2+K191,IF(I191="",F191*$F$2+G191*$G$2+H191*$H$2+K191,F191*$F$2+G191*$G$2+H191*$H$2+I191*$I$2+K191)))) -> 6000000188 | F191: 6 | J191: =J190+1 -> 20000000188 | K191: 188
A192: EATON | B192: BR1515 | C192: EATON | D192: 2P 15A CB | E192: =IF(F192="",J192,IF(G192="",F192*$F$2+K192,IF(H192="",F192*$F$2+G192*$G$2+K192,IF(I192="",F192*$F$2+G192*$G$2+H192*$H$2+K192,F192*$F$2+G192*$G$2+H192*$H$2+I192*$I$2+K192)))) -> 6000000189 | F192: 6 | J192: =J191+1 -> 20000000189 | K192: 189
A193: EATON | B193: BR2020 | C193: EATON | D193: 2P 20A CB | E193: =IF(F193="",J193,IF(G193="",F193*$F$2+K193,IF(H193="",F193*$F$2+G193*$G$2+K193,IF(I193="",F193*$F$2+G193*$G$2+H193*$H$2+K193,F193*$F$2+G193*$G$2+H193*$H$2+I193*$I$2+K193)))) -> 6000000190 | F193: 6 | J193: =J192+1 -> 20000000190 | K193: 190
A194: EATON | B194: BR2040PV200R | C194: EATON | D194: 225A POWER LD-CTR | E194: =IF(F194="",J194,IF(G194="",F194*$F$2+K194,IF(H194="",F194*$F$2+G194*$G$2+K194,IF(I194="",F194*$F$2+G194*$G$2+H194*$H$2+K194,F194*$F$2+G194*$G$2+H194*$H$2+I194*$I$2+K194)))) -> 6000000191 | F194: 6 | J194: =J193+1 -> 20000000191 | K194: 191
A195: EATON | B195: BR210 | C195: EATON | D195: 2P 10A CB | E195: =IF(F195="",J195,IF(G195="",F195*$F$2+K195,IF(H195="",F195*$F$2+G195*$G$2+K195,IF(I195="",F195*$F$2+G195*$G$2+H195*$H$2+K195,F195*$F$2+G195*$G$2+H195*$H$2+I195*$I$2+K195)))) -> 6000000192 | F195: 6 | J195: =J194+1 -> 20000000192 | K195: 192
A196: EATON | B196: BR2100 | C196: EATON | D196: 2P-120/240V-100A CB | E196: =IF(F196="",J196,IF(G196="",F196*$F$2+K196,IF(H196="",F196*$F$2+G196*$G$2+K196,IF(I196="",F196*$F$2+G196*$G$2+H196*$H$2+K196,F196*$F$2+G196*$G$2+H196*$H$2+I196*$I$2+K196)))) -> 6000000193 | F196: 6 | J196: =J195+1 -> 20000000193 | K196: 193
... A267: ECOBE | B267: EB-STATE3LTP-02 | C267: ECOBE | D267: ECOBEE3 LITE | E267: =IF(F267="",J267,IF(G267="",F267*$F$2+K267,IF(H267="",F267*$F$2+G267*$G$2+K267,IF(I267="",F267*$F$2+G267*$G$2+H267*$H$2+K267,F267*$F$2+G267*$G$2+H267*$H$2+I267*$I$2+K267)))) -> 6000000264 | F267: 6 | J267: =J266+1 -> 20000000264 | K267: 264
A268: ECOSO | B268: 3011015 | C268: ECOSO | D268: L-FOOT L-102 BLK 3" | E268: =IF(F268="",J268,IF(G268="",F268*$F$2+K268,IF(H268="",F268*$F$2+G268*$G$2+K268,IF(I268="",F268*$F$2+G268*$G$2+H268*$H$2+K268,F268*$F$2+G268*$G$2+H268*$H$2+I268*$I$2+K268)))) -> 4000000265 | F268: 4 | J268: =J267+1 -> 20000000265 | K268: 265
A269: ECOSO | B269: 3015013 | C269: ECOSO | D269: 44-R BASE SS 6X6" | E269: =IF(F269="",J269,IF(G269="",F269*$F$2+K269,IF(H269="",F269*$F$2+G269*$G$2+K269,IF(I269="",F269*$F$2+G269*$G$2+H269*$H$2+K269,F269*$F$2+G269*$G$2+H269*$H$2+I269*$I$2+K269)))) -> 4000000266 | F269: 4 | J269: =J268+1 -> 20000000266 | K269: 266
A270: ECOSO | B270: 3015014 | C270: ECOSO | D270: 44-R FLASHING AL BLK 12X14" | E270: =IF(F270="",J270,IF(G270="",F270*$F$2+K270,IF(H270="",F270*$F$2+G270*$G$2+K270,IF(I270="",F270*$F$2+G270*$G$2+H270*$H$2+K270,F270*$F$2+G270*$G$2+H270*$H$2+I270*$I$2+K270)))) -> 4000000267 | F270: 4 | J270: =J269+1 -> 20000000267 | K270: 267
A271: ECOSO | B271: 3016010 | C271: ECOSO | D271: DECK SCREW SS #15X2" | E271: =IF(F271="",J271,IF(G271="",F271*$F$2+K271,IF(H271="",F271*$F$2+G271*$G$2+K271,IF(I271="",F271*$F$2+G271*$G$2+H271*$H$2+K271,F271*$F$2+G271*$G$2+H271*$H$2+I271*$I$2+K271)))) -> 4000000268 | F271: 4 | J271: =J270+1 -> 20000000268 | K271: 268
A272: EDF | B272: ECNR100 | C272: EDF | D272: 250V RK5 TD FUSE | E272: =IF(F272="",J272,IF(G272="",F272*$F$2+K272,IF(H272="",F272*$F$2+G272*$G$2+K272,IF(I272="",F272*$F$2+G272*$G$2+H272*$H$2+K272,F272*$F$2+G272*$G$2+H272*$H$2+I272*$I$2+K272)))) -> 6000000269 | F272: 6 | J272: =J271+1 -> 20000000269 | K272: 269
A273: EDF | B273: ECNR125 | C273: EDF | D273: 250V RK5 TD FUSE | E273: =IF(F273="",J273,IF(G273="",F273*$F$2+K273,IF(H273="",F273*$F$2+G273*$G$2+K273,IF(I273="",F273*$F$2+G273*$G$2+H273*$H$2+K273,F273*$F$2+G273*$G$2+H273*$H$2+I273*$I$2+K273)))) -> 6000000270 | F273: 6 | J273: =J272+1 -> 20000000270 | K273: 270
A274: EDF | B274: ECNR150 | C274: EDF | D274: 250V RK5 TD FUSE | E274: =IF(F274="",J274,IF(G274="",F274*$F$2+K274,IF(H274="",F274*$F$2+G274*$G$2+K274,IF(I274="",F274*$F$2+G274*$G$2+H274*$H$2+K274,F274*$F$2+G274*$G$2+H274*$H$2+I274*$I$2+K274)))) -> 6000000271 | F274: 6 | J274: =J273+1 -> 20000000271 | K274: 271
A275: EDF | B275: ECNR175 | C275: EDF | D275: 250V RK5 TD FUSE | E275: =IF(F275="",J275,IF(G275="",F275*$F$2+K275,IF(H275="",F275*$F$2+G275*$G$2+K275,IF(I275="",F275*$F$2+G275*$G$2+H275*$H$2+K275,F275*$F$2+G275*$G$2+H275*$H$2+I275*$I$2+K275)))) -> 6000000272 | F275: 6 | J275: =J274+1 -> 20000000272 | K275: 272
A276: EDF | B276: ECNR20 | C276: EDF | D276: 250V RK5 TD FUSE | E276: =IF(F276="",J276,IF(G276="",F276*$F$2+K276,IF(H276="",F276*$F$2+G276*$G$2+K276,IF(I276="",F276*$F$2+G276*$G$2+H276*$H$2+K276,F276*$F$2+G276*$G$2+H276*$H$2+I276*$I$2+K276)))) -> 6000000273 | F276: 6 | J276: =J275+1 -> 20000000273 | K276: 273
A277: EDF | B277: ECNR200 | C277: EDF | D277: 250V RK5 TD FUSE | E277: =IF(F277="",J277,IF(G277="",F277*$F$2+K277,IF(H277="",F277*$F$2+G277*$G$2+K277,IF(I277="",F277*$F$2+G277*$G$2+H277*$H$2+K277,F277*$F$2+G277*$G$2+H277*$H$2+I277*$I$2+K277)))) -> 6000000274 | F277: 6 | J277: =J276+1 -> 20000000274 | K277: 274
A278: EDF | B278: ECNR30 | C278: EDF | D278: 250V RK5 TD FUSE | E278: =IF(F278="",J278,IF(G278="",F278*$F$2+K278,IF(H278="",F278*$F$2+G278*$G$2+K278,IF(I278="",F278*$F$2+G278*$G$2+H278*$H$2+K278,F278*$F$2+G278*$G$2+H278*$H$2+I278*$I$2+K278)))) -> 6000000275 | F278: 6 | J278: =J277+1 -> 20000000275 | K278: 275
A279: EDF | B279: ECNR35 | C279: EDF | D279: 250V RK5 TD FUSE | E279: =IF(F279="",J279,IF(G279="",F279*$F$2+K279,IF(H279="",F279*$F$2+G279*$G$2+K279,IF(I279="",F279*$F$2+G279*$G$2+H279*$H$2+K279,F279*$F$2+G279*$G$2+H279*$H$2+I279*$I$2+K279)))) -> 6000000276 | F279: 6 | J279: =J278+1 -> 20000000276 | K279: 276
A280: EDF | B280: ECNR40 | C280: EDF | D280: 250V RK5 TD FUSE | E280: =IF(F280="",J280,IF(G280="",F280*$F$2+K280,IF(H280="",F280*$F$2+G280*$G$2+K280,IF(I280="",F280*$F$2+G280*$G$2+H280*$H$2+K280,F280*$F$2+G280*$G$2+H280*$H$2+I280*$I$2+K280)))) -> 6000000277 | F280: 6 | J280: =J279+1 -> 20000000277 | K280: 277
...

Sheet Worksheet
A1: Sequence | B1: MFR | C1: Catalog # | D1: Quantity
A2: =IFERROR(SMALL('Order Sheet'!A:A,1),"") -> 2000000944 | B2: =IF(A2="","",(VLOOKUP(A2,'Order Sheet'!A:B,2,FALSE))) -> QCELL | C2: =IF(A2="","",(VLOOKUP(A2,'Order Sheet'!A:C,3,FALSE))) -> Q.PEAK DUO BLK ML-G10+ 400 | D2: =IF(A2="","",(VLOOKUP(A2,'Order Sheet'!A:E,5,FALSE))) -> 15
A3: =IFERROR(SMALL('Order Sheet'!A:A,2),"") -> 4000000099 | B3: =IF(A3="","",(VLOOKUP(A3,'Order Sheet'!A:B,2,FALSE))) -> BPT | C3: =IF(A3="","",(VLOOKUP(A3,'Order Sheet'!A:C,3,FALSE))) -> 382DC | D3: =IF(A3="","",(VLOOKUP(A3,'Order Sheet'!A:E,5,FALSE))) -> 2
A4: =IFERROR(SMALL('Order Sheet'!A:A,3),"") -> 4000000118 | B4: =IF(A4="","",(VLOOKUP(A4,'Order Sheet'!A:B,2,FALSE))) -> BPT | C4: =IF(A4="","",(VLOOKUP(A4,'Order Sheet'!A:C,3,FALSE))) -> SR075 | D4: =IF(A4="","",(VLOOKUP(A4,'Order Sheet'!A:E,5,FALSE))) -> 5
A5: =IFERROR(SMALL('Order Sheet'!A:A,4),"") -> 4000000143 | B5: =IF(A5="","",(VLOOKUP(A5,'Order Sheet'!A:B,2,FALSE))) -> CHEML | C5: =IF(A5="","",(VLOOKUP(A5,'Order Sheet'!A:C,3,FALSE))) -> F1270GR | D5: =IF(A5="","",(VLOOKUP(A5,'Order Sheet'!A:E,5,FALSE))) -> 1
A6: =IFERROR(SMALL('Order Sheet'!A:A,5),"") -> 4000001225 | B6: =IF(A6="","",(VLOOKUP(A6,'Order Sheet'!A:B,2,FALSE))) -> SWIRE | C6: =IF(A6="","",(VLOOKUP(A6,'Order Sheet'!A:C,3,FALSE))) -> 282 | D6: =IF(A6="","",(VLOOKUP(A6,'Order Sheet'!A:E,5,FALSE))) -> 5
A7: =IFERROR(SMALL('Order Sheet'!A:A,6),"") -> 4000001234 | B7: =IF(A7="","",(VLOOKUP(A7,'Order Sheet'!A:B,2,FALSE))) -> SWIRE | C7: =IF(A7="","",(VLOOKUP(A7,'Order Sheet'!A:C,3,FALSE))) -> 452TZ | D7: =IF(A7="","",(VLOOKUP(A7,'Order Sheet'!A:E,5,FALSE))) -> 4
A8: =IFERROR(SMALL('Order Sheet'!A:A,7),"") -> 4000001283 | B8: =IF(A8="","",(VLOOKUP(A8,'Order Sheet'!A:B,2,FALSE))) -> SWIRE | C8: =IF(A8="","",(VLOOKUP(A8,'Order Sheet'!A:C,3,FALSE))) -> 832TZ | D8: =IF(A8="","",(VLOOKUP(A8,'Order Sheet'!A:E,5,FALSE))) -> 5
A9: =IFERROR(SMALL('Order Sheet'!A:A,8),"") -> 6000000196 | B9: =IF(A9="","",(VLOOKUP(A9,'Order Sheet'!A:B,2,FALSE))) -> EATON | C9: =IF(A9="","",(VLOOKUP(A9,'Order Sheet'!A:C,3,FALSE))) -> BR220 | D9: =IF(A9="","",(VLOOKUP(A9,'Order Sheet'!A:E,5,FALSE))) -> 2
A10: =IFERROR(SMALL('Order Sheet'!A:A,9),"") -> 6000000248 | B10: =IF(A10="","",(VLOOKUP(A10,'Order Sheet'!A:B,2,FALSE))) -> EATON | C10: =IF(A10="","",(VLOOKUP(A10,'Order Sheet'!A:C,3,FALSE))) -> DG222URB | D10: =IF(A10="","",(VLOOKUP(A10,'Order Sheet'!A:E,5,FALSE))) -> 1
A11: =IFERROR(SMALL('Order Sheet'!A:A,10),"") -> 6000000358 | B11: =IF(A11="","",(VLOOKUP(A11,'Order Sheet'!A:B,2,FALSE))) -> EZSLR | C11: =IF(A11="","",(VLOOKUP(A11,'Order Sheet'!A:C,3,FALSE))) -> JB-1.2 | D11: =IF(A11="","",(VLOOKUP(A11,'Order Sheet'!A:E,5,FALSE))) -> 1
A12: =IFERROR(SMALL('Order Sheet'!A:A,11),"") -> 6000000373 | B12: =IF(A12="","",(VLOOKUP(A12,'Order Sheet'!A:B,2,FALSE))) -> FLEX | C12: =IF(A12="","",(VLOOKUP(A12,'Order Sheet'!A:C,3,FALSE))) -> RWA-3/4 | D12: =IF(A12="","",(VLOOKUP(A12,'Order Sheet'!A:E,5,FALSE))) -> 100
A13: =IFERROR(SMALL('Order Sheet'!A:A,12),"") -> 6000000737 | B13: =IF(A13="","",(VLOOKUP(A13,'Order Sheet'!A:B,2,FALSE))) -> NSI | C13: =IF(A13="","",(VLOOKUP(A13,'Order Sheet'!A:C,3,FALSE))) -> 11500 | D13: =IF(A13="","",(VLOOKUP(A13,'Order Sheet'!A:E,5,FALSE))) -> 1
A14: =IFERROR(SMALL('Order Sheet'!A:A,13),"") -> 6000000789 | B14: =IF(A14="","",(VLOOKUP(A14,'Order Sheet'!A:B,2,FALSE))) -> PVC | C14: =IF(A14="","",(VLOOKUP(A14,'Order Sheet'!A:C,3,FALSE))) -> COND-3/4 | D14: =IF(A14="","",(VLOOKUP(A14,'Order Sheet'!A:E,5,FALSE))) -> 1
A15: =IFERROR(SMALL('Order Sheet'!A:A,14),"") -> 6000000806 | B15: =IF(A15="","",(VLOOKUP(A15,'Order Sheet'!A:B,2,FALSE))) -> PVC | C15: =IF(A15="","",(VLOOKUP(A15,'Order Sheet'!A:C,3,FALSE))) -> EL-3/4 | D15: =IF(A15="","",(VLOOKUP(A15,'Order Sheet'!A:E,5,FALSE))) -> 1
A16: =IFERROR(SMALL('Order Sheet'!A:A,15),"") -> 6000000824 | B16: =IF(A16="","",(VLOOKUP(A16,'Order Sheet'!A:B,2,FALSE))) -> PVC | C16: =IF(A16="","",(VLOOKUP(A16,'Order Sheet'!A:C,3,FALSE))) -> FA-3/4 | D16: =IF(A16="","",(VLOOKUP(A16,'Order Sheet'!A:E,5,FALSE))) -> 1
A17: =IFERROR(SMALL('Order Sheet'!A:A,16),"") -> 6000000842 | B17: =IF(A17="","",(VLOOKUP(A17,'Order Sheet'!A:B,2,FALSE))) -> PVC | C17: =IF(A17="","",(VLOOKUP(A17,'Order Sheet'!A:C,3,FALSE))) -> LL-3/4 | D17: =IF(A17="","",(VLOOKUP(A17,'Order Sheet'!A:E,5,FALSE))) -> 1
A18: =IFERROR(SMALL('Order Sheet'!A:A,17),"") -> 6000000854 | B18: =IF(A18="","",(VLOOKUP(A18,'Order Sheet'!A:B,2,FALSE))) -> PVC | C18: =IF(A18="","",(VLOOKUP(A18,'Order Sheet'!A:C,3,FALSE))) -> TA-3/4 | D18: =IF(A18="","",(VLOOKUP(A18,'Order Sheet'!A:E,5,FALSE))) -> 5
A19: =IFERROR(SMALL('Order Sheet'!A:A,18),"") -> 6000001039 | B19: =IF(A19="","",(VLOOKUP(A19,'Order Sheet'!A:B,2,FALSE))) -> SOLAD | C19: =IF(A19="","",(VLOOKUP(A19,'Order Sheet'!A:C,3,FALSE))) -> 1604 | D19: =IF(A19="","",(VLOOKUP(A19,'Order Sheet'!A:E,5,FALSE))) -> 1
A20: =IFERROR(SMALL('Order Sheet'!A:A,19),"") -> 6000001041 | B20: =IF(A20="","",(VLOOKUP(A20,'Order Sheet'!A:B,2,FALSE))) -> SOLAD | C20: =IF(A20="","",(VLOOKUP(A20,'Order Sheet'!A:C,3,FALSE))) -> 0799-5B | D20: =IF(A20="","",(VLOOKUP(A20,'Order Sheet'!A:E,5,FALSE))) -> 1
A21: =IFERROR(SMALL('Order Sheet'!A:A,20),"") -> 6000001132 | B21: =IF(A21="","",(VLOOKUP(A21,'Order Sheet'!A:B,2,FALSE))) -> SQD | C21: =IF(A21="","",(VLOOKUP(A21,'Order Sheet'!A:C,3,FALSE))) -> QO230 | D21: =IF(A21="","",(VLOOKUP(A21,'Order Sheet'!A:E,5,FALSE))) -> 1
A22: =IFERROR(SMALL('Order Sheet'!A:A,21),"") -> 6000001142 | B22: =IF(A22="","",(VLOOKUP(A22,'Order Sheet'!A:B,2,FALSE))) -> SQD | C22: =IF(A22="","",(VLOOKUP(A22,'Order Sheet'!A:C,3,FALSE))) -> QOM2150VH | D22: =IF(A22="","",(VLOOKUP(A22,'Order Sheet'!A:E,5,FALSE))) -> 1
A23: =IFERROR(SMALL('Order Sheet'!A:A,22),"") | B23: =IF(A23="","",(VLOOKUP(A23,'Order Sheet'!A:B,2,FALSE))) | C23: =IF(A23="","",(VLOOKUP(A23,'Order Sheet'!A:C,3,FALSE))) | D23: =IF(A23="","",(VLOOKUP(A23,'Order Sheet'!A:E,5,FALSE)))
A24: =IFERROR(SMALL('Order Sheet'!A:A,23),"") | B24: =IF(A24="","",(VLOOKUP(A24,'Order Sheet'!A:B,2,FALSE))) | C24: =IF(A24="","",(VLOOKUP(A24,'Order Sheet'!A:C,3,FALSE))) | D24: =IF(A24="","",(VLOOKUP(A24,'Order Sheet'!A:E,5,FALSE)))
A25: =IFERROR(SMALL('Order Sheet'!A:A,24),"") | B25: =IF(A25="","",(VLOOKUP(A25,'Order Sheet'!A:B,2,FALSE))) | C25: =IF(A25="","",(VLOOKUP(A25,'Order Sheet'!A:C,3,FALSE))) | D25: =IF(A25="","",(VLOOKUP(A25,'Order Sheet'!A:E,5,FALSE)))
A26: =IFERROR(SMALL('Order Sheet'!A:A,25),"") | B26: =IF(A26="","",(VLOOKUP(A26,'Order Sheet'!A:B,2,FALSE))) | C26: =IF(A26="","",(VLOOKUP(A26,'Order Sheet'!A:C,3,FALSE))) | D26: =IF(A26="","",(VLOOKUP(A26,'Order Sheet'!A:E,5,FALSE)))
A27: =IFERROR(SMALL('Order Sheet'!A:A,26),"") | B27: =IF(A27="","",(VLOOKUP(A27,'Order Sheet'!A:B,2,FALSE))) | C27: =IF(A27="","",(VLOOKUP(A27,'Order Sheet'!A:C,3,FALSE))) | D27: =IF(A27="","",(VLOOKUP(A27,'Order Sheet'!A:E,5,FALSE)))
A28: =IFERROR(SMALL('Order Sheet'!A:A,27),"") | B28: =IF(A28="","",(VLOOKUP(A28,'Order Sheet'!A:B,2,FALSE))) | C28: =IF(A28="","",(VLOOKUP(A28,'Order Sheet'!A:C,3,FALSE))) | D28: =IF(A28="","",(VLOOKUP(A28,'Order Sheet'!A:E,5,FALSE)))
A29: =IFERROR(SMALL('Order Sheet'!A:A,28),"") | B29: =IF(A29="","",(VLOOKUP(A29,'Order Sheet'!A:B,2,FALSE))) | C29: =IF(A29="","",(VLOOKUP(A29,'Order Sheet'!A:C,3,FALSE))) | D29: =IF(A29="","",(VLOOKUP(A29,'Order Sheet'!A:E,5,FALSE)))
A30: =IFERROR(SMALL('Order Sheet'!A:A,29),"") | B30: =IF(A30="","",(VLOOKUP(A30,'Order Sheet'!A:B,2,FALSE))) | C30: =IF(A30="","",(VLOOKUP(A30,'Order Sheet'!A:C,3,FALSE))) | D30: =IF(A30="","",(VLOOKUP(A30,'Order Sheet'!A:E,5,FALSE)))
A31: =IFERROR(SMALL('Order Sheet'!A:A,30),"") | B31: =IF(A31="","",(VLOOKUP(A31,'Order Sheet'!A:B,2,FALSE))) | C31: =IF(A31="","",(VLOOKUP(A31,'Order Sheet'!A:C,3,FALSE))) | D31: =IF(A31="","",(VLOOKUP(A31,'Order Sheet'!A:E,5,FALSE)))
A32: =IFERROR(SMALL('Order Sheet'!A:A,31),"") | B32: =IF(A32="","",(VLOOKUP(A32,'Order Sheet'!A:B,2,FALSE))) | C32: =IF(A32="","",(VLOOKUP(A32,'Order Sheet'!A:C,3,FALSE))) | D32: =IF(A32="","",(VLOOKUP(A32,'Order Sheet'!A:E,5,FALSE)))
A33: =IFERROR(SMALL('Order Sheet'!A:A,32),"") | B33: =IF(A33="","",(VLOOKUP(A33,'Order Sheet'!A:B,2,FALSE))) | C33: =IF(A33="","",(VLOOKUP(A33,'Order Sheet'!A:C,3,FALSE))) | D33: =IF(A33="","",(VLOOKUP(A33,'Order Sheet'!A:E,5,FALSE)))
A34: =IFERROR(SMALL('Order Sheet'!A:A,33),"") | B34: =IF(A34="","",(VLOOKUP(A34,'Order Sheet'!A:B,2,FALSE))) | C34: =IF(A34="","",(VLOOKUP(A34,'Order Sheet'!A:C,3,FALSE))) | D34: =IF(A34="","",(VLOOKUP(A34,'Order Sheet'!A:E,5,FALSE)))
A35: =IFERROR(SMALL('Order Sheet'!A:A,34),"") | B35: =IF(A35="","",(VLOOKUP(A35,'Order Sheet'!A:B,2,FALSE))) | C35: =IF(A35="","",(VLOOKUP(A35,'Order Sheet'!A:C,3,FALSE))) | D35: =IF(A35="","",(VLOOKUP(A35,'Order Sheet'!A:E,5,FALSE)))
A36: =IFERROR(SMALL('Order Sheet'!A:A,35),"") | B36: =IF(A36="","",(VLOOKUP(A36,'Order Sheet'!A:B,2,FALSE))) | C36: =IF(A36="","",(VLOOKUP(A36,'Order Sheet'!A:C,3,FALSE))) | D36: =IF(A36="","",(VLOOKUP(A36,'Order Sheet'!A:E,5,FALSE)))
A37: =IFERROR(SMALL('Order Sheet'!A:A,36),"") | B37: =IF(A37="","",(VLOOKUP(A37,'Order Sheet'!A:B,2,FALSE))) | C37: =IF(A37="","",(VLOOKUP(A37,'Order Sheet'!A:C,3,FALSE))) | D37: =IF(A37="","",(VLOOKUP(A37,'Order Sheet'!A:E,5,FALSE)))
A38: =IFERROR(SMALL('Order Sheet'!A:A,37),"") | B38: =IF(A38="","",(VLOOKUP(A38,'Order Sheet'!A:B,2,FALSE))) | C38: =IF(A38="","",(VLOOKUP(A38,'Order Sheet'!A:C,3,FALSE))) | D38: =IF(A38="","",(VLOOKUP(A38,'Order Sheet'!A:E,5,FALSE)))
A39: =IFERROR(SMALL('Order Sheet'!A:A,38),"") | B39: =IF(A39="","",(VLOOKUP(A39,'Order Sheet'!A:B,2,FALSE))) | C39: =IF(A39="","",(VLOOKUP(A39,'Order Sheet'!A:C,3,FALSE))) | D39: =IF(A39="","",(VLOOKUP(A39,'Order Sheet'!A:E,5,FALSE)))
A40: =IFERROR(SMALL('Order Sheet'!A:A,39),"") | B40: =IF(A40="","",(VLOOKUP(A40,'Order Sheet'!A:B,2,FALSE))) | C40: =IF(A40="","",(VLOOKUP(A40,'Order Sheet'!A:C,3,FALSE))) | D40: =IF(A40="","",(VLOOKUP(A40,'Order Sheet'!A:E,5,FALSE)))
A41: =IFERROR(SMALL('Order Sheet'!A:A,40),"") | B41: =IF(A41="","",(VLOOKUP(A41,'Order Sheet'!A:B,2,FALSE))) | C41: =IF(A41="","",(VLOOKUP(A41,'Order Sheet'!A:C,3,FALSE))) | D41: =IF(A41="","",(VLOOKUP(A41,'Order Sheet'!A:E,5,FALSE)))
A42: =IFERROR(SMALL('Order Sheet'!A:A,41),"") | B42: =IF(A42="","",(VLOOKUP(A42,'Order Sheet'!A:B,2,FALSE))) | C42: =IF(A42="","",(VLOOKUP(A42,'Order Sheet'!A:C,3,FALSE))) | D42: =IF(A42="","",(VLOOKUP(A42,'Order Sheet'!A:E,5,FALSE)))
A43: =IFERROR(SMALL('Order Sheet'!A:A,42),"") | B43: =IF(A43="","",(VLOOKUP(A43,'Order Sheet'!A:B,2,FALSE))) | C43: =IF(A43="","",(VLOOKUP(A43,'Order Sheet'!A:C,3,FALSE))) | D43: =IF(A43="","",(VLOOKUP(A43,'Order Sheet'!A:E,5,FALSE)))
A44: =IFERROR(SMALL('Order Sheet'!A:A,43),"") | B44: =IF(A44="","",(VLOOKUP(A44,'Order Sheet'!A:B,2,FALSE))) | C44: =IF(A44="","",(VLOOKUP(A44,'Order Sheet'!A:C,3,FALSE))) | D44: =IF(A44="","",(VLOOKUP(A44,'Order Sheet'!A:E,5,FALSE)))
A45: =IFERROR(SMALL('Order Sheet'!A:A,44),"") | B45: =IF(A45="","",(VLOOKUP(A45,'Order Sheet'!A:B,2,FALSE))) | C45: =IF(A45="","",(VLOOKUP(A45,'Order Sheet'!A:C,3,FALSE))) | D45: =IF(A45="","",(VLOOKUP(A45,'Order Sheet'!A:E,5,FALSE)))
A46: =IFERROR(SMALL('Order Sheet'!A:A,45),"") | B46: =IF(A46="","",(VLOOKUP(A46,'Order Sheet'!A:B,2,FALSE))) | C46: =IF(A46="","",(VLOOKUP(A46,'Order Sheet'!A:C,3,FALSE))) | D46: =IF(A46="","",(VLOOKUP(A46,'Order Sheet'!A:E,5,FALSE)))
A47: =IFERROR(SMALL('Order Sheet'!A:A,46),"") | B47: =IF(A47="","",(VLOOKUP(A47,'Order Sheet'!A:B,2,FALSE))) | C47: =IF(A47="","",(VLOOKUP(A47,'Order Sheet'!A:C,3,FALSE))) | D47: =IF(A47="","",(VLOOKUP(A47,'Order Sheet'!A:E,5,FALSE)))
A48: =IFERROR(SMALL('Order Sheet'!A:A,47),"") | B48: =IF(A48="","",(VLOOKUP(A48,'Order Sheet'!A:B,2,FALSE))) | C48: =IF(A48="","",(VLOOKUP(A48,'Order Sheet'!A:C,3,FALSE))) | D48: =IF(A48="","",(VLOOKUP(A48,'Order Sheet'!A:E,5,FALSE)))
A49: =IFERROR(SMALL('Order Sheet'!A:A,48),"") | B49: =IF(A49="","",(VLOOKUP(A49,'Order Sheet'!A:B,2,FALSE))) | C49: =IF(A49="","",(VLOOKUP(A49,'Order Sheet'!A:C,3,FALSE))) | D49: =IF(A49="","",(VLOOKUP(A49,'Order Sheet'!A:E,5,FALSE)))
A50: =IFERROR(SMALL('Order Sheet'!A:A,49),"") | B50: =IF(A50="","",(VLOOKUP(A50,'Order Sheet'!A:B,2,FALSE))) | C50: =IF(A50="","",(VLOOKUP(A50,'Order Sheet'!A:C,3,FALSE))) | D50: =IF(A50="","",(VLOOKUP(A50,'Order Sheet'!A:E,5,FALSE)))
A51: =IFERROR(SMALL('Order Sheet'!A:A,50),"") | B51: =IF(A51="","",(VLOOKUP(A51,'Order Sheet'!A:B,2,FALSE))) | C51: =IF(A51="","",(VLOOKUP(A51,'Order Sheet'!A:C,3,FALSE))) | D51: =IF(A51="","",(VLOOKUP(A51,'Order Sheet'!A:E,5,FALSE)))
A52: =IFERROR(SMALL('Order Sheet'!A:A,51),"") | B52: =IF(A52="","",(VLOOKUP(A52,'Order Sheet'!A:B,2,FALSE))) | C52: =IF(A52="","",(VLOOKUP(A52,'Order Sheet'!A:C,3,FALSE))) | D52: =IF(A52="","",(VLOOKUP(A52,'Order Sheet'!A:E,5,FALSE)))
A53: =IFERROR(SMALL('Order Sheet'!A:A,52),"") | B53: =IF(A53="","",(VLOOKUP(A53,'Order Sheet'!A:B,2,FALSE))) | C53: =IF(A53="","",(VLOOKUP(A53,'Order Sheet'!A:C,3,FALSE))) | D53: =IF(A53="","",(VLOOKUP(A53,'Order Sheet'!A:E,5,FALSE)))
A54: =IFERROR(SMALL('Order Sheet'!A:A,53),"") | B54: =IF(A54="","",(VLOOKUP(A54,'Order Sheet'!A:B,2,FALSE))) | C54: =IF(A54="","",(VLOOKUP(A54,'Order Sheet'!A:C,3,FALSE))) | D54: =IF(A54="","",(VLOOKUP(A54,'Order Sheet'!A:E,5,FALSE)))
A55: =IFERROR(SMALL('Order Sheet'!A:A,54),"") | B55: =IF(A55="","",(VLOOKUP(A55,'Order Sheet'!A:B,2,FALSE))) | C55: =IF(A55="","",(VLOOKUP(A55,'Order Sheet'!A:C,3,FALSE))) | D55: =IF(A55="","",(VLOOKUP(A55,'Order Sheet'!A:E,5,FALSE)))
A56: =IFERROR(SMALL('Order Sheet'!A:A,55),"") | B56: =IF(A56="","",(VLOOKUP(A56,'Order Sheet'!A:B,2,FALSE))) | C56: =IF(A56="","",(VLOOKUP(A56,'Order Sheet'!A:C,3,FALSE))) | D56: =IF(A56="","",(VLOOKUP(A56,'Order Sheet'!A:E,5,FALSE)))
A57: =IFERROR(SMALL('Order Sheet'!A:A,56),"") | B57: =IF(A57="","",(VLOOKUP(A57,'Order Sheet'!A:B,2,FALSE))) | C57: =IF(A57="","",(VLOOKUP(A57,'Order Sheet'!A:C,3,FALSE))) | D57: =IF(A57="","",(VLOOKUP(A57,'Order Sheet'!A:E,5,FALSE)))
A58: =IFERROR(SMALL('Order Sheet'!A:A,57),"") | B58: =IF(A58="","",(VLOOKUP(A58,'Order Sheet'!A:B,2,FALSE))) | C58: =IF(A58="","",(VLOOKUP(A58,'Order Sheet'!A:C,3,FALSE))) | D58: =IF(A58="","",(VLOOKUP(A58,'Order Sheet'!A:E,5,FALSE)))
A59: =IFERROR(SMALL('Order Sheet'!A:A,58),"") | B59: =IF(A59="","",(VLOOKUP(A59,'Order Sheet'!A:B,2,FALSE))) | C59: =IF(A59="","",(VLOOKUP(A59,'Order Sheet'!A:C,3,FALSE))) | D59: =IF(A59="","",(VLOOKUP(A59,'Order Sheet'!A:E,5,FALSE)))
A60: =IFERROR(SMALL('Order Sheet'!A:A,59),"") | B60: =IF(A60="","",(VLOOKUP(A60,'Order Sheet'!A:B,2,FALSE))) | C60: =IF(A60="","",(VLOOKUP(A60,'Order Sheet'!A:C,3,FALSE))) | D60: =IF(A60="","",(VLOOKUP(A60,'Order Sheet'!A:E,5,FALSE)))
A61: =IFERROR(SMALL('Order Sheet'!A:A,60),"") | B61: =IF(A61="","",(VLOOKUP(A61,'Order Sheet'!A:B,2,FALSE))) | C61: =IF(A61="","",(VLOOKUP(A61,'Order Sheet'!A:C,3,FALSE))) | D61: =IF(A61="","",(VLOOKUP(A61,'Order Sheet'!A:E,5,FALSE)))
A62: =IFERROR(SMALL('Order Sheet'!A:A,61),"") | B62: =IF(A62="","",(VLOOKUP(A62,'Order Sheet'!A:B,2,FALSE))) | C62: =IF(A62="","",(VLOOKUP(A62,'Order Sheet'!A:C,3,FALSE))) | D62: =IF(A62="","",(VLOOKUP(A62,'Order Sheet'!A:E,5,FALSE)))
A63: =IFERROR(SMALL('Order Sheet'!A:A,62),"") | B63: =IF(A63="","",(VLOOKUP(A63,'Order Sheet'!A:B,2,FALSE))) | C63: =IF(A63="","",(VLOOKUP(A63,'Order Sheet'!A:C,3,FALSE))) | D63: =IF(A63="","",(VLOOKUP(A63,'Order Sheet'!A:E,5,FALSE)))
A64: =IFERROR(SMALL('Order Sheet'!A:A,63),"") | B64: =IF(A64="","",(VLOOKUP(A64,'Order Sheet'!A:B,2,FALSE))) | C64: =IF(A64="","",(VLOOKUP(A64,'Order Sheet'!A:C,3,FALSE))) | D64: =IF(A64="","",(VLOOKUP(A64,'Order Sheet'!A:E,5,FALSE)))
A65: =IFERROR(SMALL('Order Sheet'!A:A,64),"") | B65: =IF(A65="","",(VLOOKUP(A65,'Order Sheet'!A:B,2,FALSE))) | C65: =IF(A65="","",(VLOOKUP(A65,'Order Sheet'!A:C,3,FALSE))) | D65: =IF(A65="","",(VLOOKUP(A65,'Order Sheet'!A:E,5,FALSE)))
A66: =IFERROR(SMALL('Order Sheet'!A:A,65),"") | B66: =IF(A66="","",(VLOOKUP(A66,'Order Sheet'!A:B,2,FALSE))) | C66: =IF(A66="","",(VLOOKUP(A66,'Order Sheet'!A:C,3,FALSE))) | D66: =IF(A66="","",(VLOOKUP(A66,'Order Sheet'!A:E,5,FALSE)))
A67: =IFERROR(SMALL('Order Sheet'!A:A,66),"") | B67: =IF(A67="","",(VLOOKUP(A67,'Order Sheet'!A:B,2,FALSE))) | C67: =IF(A67="","",(VLOOKUP(A67,'Order Sheet'!A:C,3,FALSE))) | D67: =IF(A67="","",(VLOOKUP(A67,'Order Sheet'!A:E,5,FALSE)))
A68: =IFERROR(SMALL('Order Sheet'!A:A,67),"") | B68: =IF(A68="","",(VLOOKUP(A68,'Order Sheet'!A:B,2,FALSE))) | C68: =IF(A68="","",(VLOOKUP(A68,'Order Sheet'!A:C,3,FALSE))) | D68: =IF(A68="","",(VLOOKUP(A68,'Order Sheet'!A:E,5,FALSE)))
A69: =IFERROR(SMALL('Order Sheet'!A:A,68),"") | B69: =IF(A69="","",(VLOOKUP(A69,'Order Sheet'!A:B,2,FALSE))) | C69: =IF(A69="","",(VLOOKUP(A69,'Order Sheet'!A:C,3,FALSE))) | D69: =IF(A69="","",(VLOOKUP(A69,'Order Sheet'!A:E,5,FALSE)))
A70: =IFERROR(SMALL('Order Sheet'!A:A,69),"") | B70: =IF(A70="","",(VLOOKUP(A70,'Order Sheet'!A:B,2,FALSE))) | C70: =IF(A70="","",(VLOOKUP(A70,'Order Sheet'!A:C,3,FALSE))) | D70: =IF(A70="","",(VLOOKUP(A70,'Order Sheet'!A:E,5,FALSE)))
A71: =IFERROR(SMALL('Order Sheet'!A:A,70),"") | B71: =IF(A71="","",(VLOOKUP(A71,'Order Sheet'!A:B,2,FALSE))) | C71: =IF(A71="","",(VLOOKUP(A71,'Order Sheet'!A:C,3,FALSE))) | D71: =IF(A71="","",(VLOOKUP(A71,'Order Sheet'!A:E,5,FALSE)))
A72: =IFERROR(SMALL('Order Sheet'!A:A,71),"") | B72: =IF(A72="","",(VLOOKUP(A72,'Order Sheet'!A:B,2,FALSE))) | C72: =IF(A72="","",(VLOOKUP(A72,'Order Sheet'!A:C,3,FALSE))) | D72: =IF(A72="","",(VLOOKUP(A72,'Order Sheet'!A:E,5,FALSE)))
A73: =IFERROR(SMALL('Order Sheet'!A:A,72),"") | B73: =IF(A73="","",(VLOOKUP(A73,'Order Sheet'!A:B,2,FALSE))) | C73: =IF(A73="","",(VLOOKUP(A73,'Order Sheet'!A:C,3,FALSE))) | D73: =IF(A73="","",(VLOOKUP(A73,'Order Sheet'!A:E,5,FALSE)))
A74: =IFERROR(SMALL('Order Sheet'!A:A,73),"") | B74: =IF(A74="","",(VLOOKUP(A74,'Order Sheet'!A:B,2,FALSE))) | C74: =IF(A74="","",(VLOOKUP(A74,'Order Sheet'!A:C,3,FALSE))) | D74: =IF(A74="","",(VLOOKUP(A74,'Order Sheet'!A:E,5,FALSE)))
A75: =IFERROR(SMALL('Order Sheet'!A:A,74),"") | B75: =IF(A75="","",(VLOOKUP(A75,'Order Sheet'!A:B,2,FALSE))) | C75: =IF(A75="","",(VLOOKUP(A75,'Order Sheet'!A:C,3,FALSE))) | D75: =IF(A75="","",(VLOOKUP(A75,'Order Sheet'!A:E,5,FALSE)))
A76: =IFERROR(SMALL('Order Sheet'!A:A,75),"") | B76: =IF(A76="","",(VLOOKUP(A76,'Order Sheet'!A:B,2,FALSE))) | C76: =IF(A76="","",(VLOOKUP(A76,'Order Sheet'!A:C,3,FALSE))) | D76: =IF(A76="","",(VLOOKUP(A76,'Order Sheet'!A:E,5,FALSE)))
A77: =IFERROR(SMALL('Order Sheet'!A:A,76),"") | B77: =IF(A77="","",(VLOOKUP(A77,'Order Sheet'!A:B,2,FALSE))) | C77: =IF(A77="","",(VLOOKUP(A77,'Order Sheet'!A:C,3,FALSE))) | D77: =IF(A77="","",(VLOOKUP(A77,'Order Sheet'!A:E,5,FALSE)))
A78: =IFERROR(SMALL('Order Sheet'!A:A,77),"") | B78: =IF(A78="","",(VLOOKUP(A78,'Order Sheet'!A:B,2,FALSE))) | C78: =IF(A78="","",(VLOOKUP(A78,'Order Sheet'!A:C,3,FALSE))) | D78: =IF(A78="","",(VLOOKUP(A78,'Order Sheet'!A:E,5,FALSE)))
A79: =IFERROR(SMALL('Order Sheet'!A:A,78),"") | B79: =IF(A79="","",(VLOOKUP(A79,'Order Sheet'!A:B,2,FALSE))) | C79: =IF(A79="","",(VLOOKUP(A79,'Order Sheet'!A:C,3,FALSE))) | D79: =IF(A79="","",(VLOOKUP(A79,'Order Sheet'!A:E,5,FALSE)))
A80: =IFERROR(SMALL('Order Sheet'!A:A,79),"") | B80: =IF(A80="","",(VLOOKUP(A80,'Order Sheet'!A:B,2,FALSE))) | C80: =IF(A80="","",(VLOOKUP(A80,'Order Sheet'!A:C,3,FALSE))) | D80: =IF(A80="","",(VLOOKUP(A80,'Order Sheet'!A:E,5,FALSE)))
A81: =IFERROR(SMALL('Order Sheet'!A:A,80),"") | B81: =IF(A81="","",(VLOOKUP(A81,'Order Sheet'!A:B,2,FALSE))) | C81: =IF(A81="","",(VLOOKUP(A81,'Order Sheet'!A:C,3,FALSE))) | D81: =IF(A81="","",(VLOOKUP(A81,'Order Sheet'!A:E,5,FALSE)))
A82: =IFERROR(SMALL('Order Sheet'!A:A,81),"") | B82: =IF(A82="","",(VLOOKUP(A82,'Order Sheet'!A:B,2,FALSE))) | C82: =IF(A82="","",(VLOOKUP(A82,'Order Sheet'!A:C,3,FALSE))) | D82: =IF(A82="","",(VLOOKUP(A82,'Order Sheet'!A:E,5,FALSE)))
A83: =IFERROR(SMALL('Order Sheet'!A:A,82),"") | B83: =IF(A83="","",(VLOOKUP(A83,'Order Sheet'!A:B,2,FALSE))) | C83: =IF(A83="","",(VLOOKUP(A83,'Order Sheet'!A:C,3,FALSE))) | D83: =IF(A83="","",(VLOOKUP(A83,'Order Sheet'!A:E,5,FALSE)))
A84: =IFERROR(SMALL('Order Sheet'!A:A,83),"") | B84: =IF(A84="","",(VLOOKUP(A84,'Order Sheet'!A:B,2,FALSE))) | C84: =IF(A84="","",(VLOOKUP(A84,'Order Sheet'!A:C,3,FALSE))) | D84: =IF(A84="","",(VLOOKUP(A84,'Order Sheet'!A:E,5,FALSE)))
A85: =IFERROR(SMALL('Order Sheet'!A:A,84),"") | B85: =IF(A85="","",(VLOOKUP(A85,'Order Sheet'!A:B,2,FALSE))) | C85: =IF(A85="","",(VLOOKUP(A85,'Order Sheet'!A:C,3,FALSE))) | D85: =IF(A85="","",(VLOOKUP(A85,'Order Sheet'!A:E,5,FALSE)))
A86: =IFERROR(SMALL('Order Sheet'!A:A,85),"") | B86: =IF(A86="","",(VLOOKUP(A86,'Order Sheet'!A:B,2,FALSE))) | C86: =IF(A86="","",(VLOOKUP(A86,'Order Sheet'!A:C,3,FALSE))) | D86: =IF(A86="","",(VLOOKUP(A86,'Order Sheet'!A:E,5,FALSE)))
A87: =IFERROR(SMALL('Order Sheet'!A:A,86),"") | B87: =IF(A87="","",(VLOOKUP(A87,'Order Sheet'!A:B,2,FALSE))) | C87: =IF(A87="","",(VLOOKUP(A87,'Order Sheet'!A:C,3,FALSE))) | D87: =IF(A87="","",(VLOOKUP(A87,'Order Sheet'!A:E,5,FALSE)))
A88: =IFERROR(SMALL('Order Sheet'!A:A,87),"") | B88: =IF(A88="","",(VLOOKUP(A88,'Order Sheet'!A:B,2,FALSE))) | C88: =IF(A88="","",(VLOOKUP(A88,'Order Sheet'!A:C,3,FALSE))) | D88: =IF(A88="","",(VLOOKUP(A88,'Order Sheet'!A:E,5,FALSE)))
A89: =IFERROR(SMALL('Order Sheet'!A:A,88),"") | B89: =IF(A89="","",(VLOOKUP(A89,'Order Sheet'!A:B,2,FALSE))) | C89: =IF(A89="","",(VLOOKUP(A89,'Order Sheet'!A:C,3,FALSE))) | D89: =IF(A89="","",(VLOOKUP(A89,'Order Sheet'!A:E,5,FALSE)))
A90: =IFERROR(SMALL('Order Sheet'!A:A,89),"") | B90: =IF(A90="","",(VLOOKUP(A90,'Order Sheet'!A:B,2,FALSE))) | C90: =IF(A90="","",(VLOOKUP(A90,'Order Sheet'!A:C,3,FALSE))) | D90: =IF(A90="","",(VLOOKUP(A90,'Order Sheet'!A:E,5,FALSE)))
A91: =IFERROR(SMALL('Order Sheet'!A:A,90),"") | B91: =IF(A91="","",(VLOOKUP(A91,'Order Sheet'!A:B,2,FALSE))) | C91: =IF(A91="","",(VLOOKUP(A91,'Order Sheet'!A:C,3,FALSE))) | D91: =IF(A91="","",(VLOOKUP(A91,'Order Sheet'!A:E,5,FALSE)))
A92: =IFERROR(SMALL('Order Sheet'!A:A,91),"") | B92: =IF(A92="","",(VLOOKUP(A92,'Order Sheet'!A:B,2,FALSE))) | C92: =IF(A92="","",(VLOOKUP(A92,'Order Sheet'!A:C,3,FALSE))) | D92: =IF(A92="","",(VLOOKUP(A92,'Order Sheet'!A:E,5,FALSE)))
A93: =IFERROR(SMALL('Order Sheet'!A:A,92),"") | B93: =IF(A93="","",(VLOOKUP(A93,'Order Sheet'!A:B,2,FALSE))) | C93: =IF(A93="","",(VLOOKUP(A93,'Order Sheet'!A:C,3,FALSE))) | D93: =IF(A93="","",(VLOOKUP(A93,'Order Sheet'!A:E,5,FALSE)))
A94: =IFERROR(SMALL('Order Sheet'!A:A,93),"") | B94: =IF(A94="","",(VLOOKUP(A94,'Order Sheet'!A:B,2,FALSE))) | C94: =IF(A94="","",(VLOOKUP(A94,'Order Sheet'!A:C,3,FALSE))) | D94: =IF(A94="","",(VLOOKUP(A94,'Order Sheet'!A:E,5,FALSE)))
A95: =IFERROR(SMALL('Order Sheet'!A:A,94),"") | B95: =IF(A95="","",(VLOOKUP(A95,'Order Sheet'!A:B,2,FALSE))) | C95: =IF(A95="","",(VLOOKUP(A95,'Order Sheet'!A:C,3,FALSE))) | D95: =IF(A95="","",(VLOOKUP(A95,'Order Sheet'!A:E,5,FALSE)))
A96: =IFERROR(SMALL('Order Sheet'!A:A,95),"") | B96: =IF(A96="","",(VLOOKUP(A96,'Order Sheet'!A:B,2,FALSE))) | C96: =IF(A96="","",(VLOOKUP(A96,'Order Sheet'!A:C,3,FALSE))) | D96: =IF(A96="","",(VLOOKUP(A96,'Order Sheet'!A:E,5,FALSE)))
A97: =IFERROR(SMALL('Order Sheet'!A:A,96),"") | B97: =IF(A97="","",(VLOOKUP(A97,'Order Sheet'!A:B,2,FALSE))) | C97: =IF(A97="","",(VLOOKUP(A97,'Order Sheet'!A:C,3,FALSE))) | D97: =IF(A97="","",(VLOOKUP(A97,'Order Sheet'!A:E,5,FALSE)))
A98: =IFERROR(SMALL('Order Sheet'!A:A,97),"") | B98: =IF(A98="","",(VLOOKUP(A98,'Order Sheet'!A:B,2,FALSE))) | C98: =IF(A98="","",(VLOOKUP(A98,'Order Sheet'!A:C,3,FALSE))) | D98: =IF(A98="","",(VLOOKUP(A98,'Order Sheet'!A:E,5,FALSE)))
A99: =IFERROR(SMALL('Order Sheet'!A:A,98),"") | B99: =IF(A99="","",(VLOOKUP(A99,'Order Sheet'!A:B,2,FALSE))) | C99: =IF(A99="","",(VLOOKUP(A99,'Order Sheet'!A:C,3,FALSE))) | D99: =IF(A99="","",(VLOOKUP(A99,'Order Sheet'!A:E,5,FALSE)))
A100: =IFERROR(SMALL('Order Sheet'!A:A,99),"") | B100: =IF(A100="","",(VLOOKUP(A100,'Order Sheet'!A:B,2,FALSE))) | C100: =IF(A100="","",(VLOOKUP(A100,'Order Sheet'!A:C,3,FALSE))) | D100: =IF(A100="","",(VLOOKUP(A100,'Order Sheet'!A:E,5,FALSE)))
...
